extroverted_enthus,civic,tipi_O,tipi_N,worker_id,openness,tipi_E,education,tipi_C,critical_quarrel,tipi_A,c_after,symp_warm,calm_emotstable,spirituality,employment,political,religion,income,a_after,anxious_easilyupset,disorganized_careless,depend_selfdisciplined,dp_before,dp_after,conventional_uncreative,c_before,gender,age,gm_after,reserved_quiet,gm_before,ii_before,ii_after,a_before
3,2,7,3,1,6,2.5,0,3,4,4,4.97,4,2,1,3,0,7,3,5,4,4,2,1,1,0,5,1,2,5,6,5,1.99,1.83,5
6,2,5,4,2,3,4,2,1.5,5,4,4.36,5,6,1,0,0,7,5,4.39,6,6,1,1.82,1.69,1,4.3,0,2,4.35,6,4.23,4.28,4.36,4.35
6,4,7,7,3,6,4.5,1,7,0,7,4.79,6,6,1,4,3,5,4,1.13,0,0,6,1.21,1.17,0,4.79,1,1,1.13,5,1.19,4.79,4.73,1.15
1,4,5,2.5,4,4,2,1,5,3,5,4.84,5,2,1,3,0,4,1,3.7,5,3,5,1,1,2,4.8,0,1,4.96,5,5,4.28,2.62,3.34
5,2,6.5,6.5,5,5,5,7,7,1,6.5,5,5,5,0,1,0,7,4,1.07,2,0,6,5,5,1,5,0,1,5,4,5,5,5,1
0,0,7,6,6,6,1.5,7,4,5,2.5,5,2,6,1,2,0,5,5,5,2,5,5,1.02,1,0,5,0,1,5,5,4.91,1,1,5
4,4,2,2.5,7,1,3.5,3,4.5,0,6,5,4,2,0,3,0,5,4,1,5,4,5,5,5,5,5,0,1,1,5,1,5,5,1
5,3,5,2.5,8,5,4.5,7,4,5,4.5,3.34,6,2,0,1,3,3,6,1.12,5,4,4,1.69,1.42,3,3.84,1,1,4.64,4,4.9,4.4,3.52,1.17
4,3,5.5,5.5,9,5,4,3,6.5,3,4.5,4.17,4,5,0,0,3,3,6,1.57,2,1,6,1.59,1.64,2,4.19,0,1,4.25,4,4.45,4.26,4.33,1.51
5,4,7,6.5,10,6,6,3,6.5,2,5.5,5,5,5,0,0,1,5,6,5,0,0,5,1.03,1.01,0,5,0,2,5,1,5,5,5,5
3,4,5,4.5,11,5,3,3,3.5,2,5.5,4.78,5,5,0,0,1,5,6,1.18,4,5,4,4.57,4.76,3,4.76,0,1,1.16,5,1.17,5,4.81,1.19
3,4,5.5,4,12,6,4.5,2,5.5,0,7,5,6,4,0,1,5,5,4,4.94,4,1,4,1.03,5,3,4.99,0,3,1,2,1,5,4.95,1
4,1,6.5,4.5,13,6,4,3,6,2,5.5,4.41,5,3,0,1,3,3,5,4.16,2,1,5,3.84,4.8,1,4.73,0,1,3.32,4,3.5,2.76,2.1,4.23
4,1,5,4.5,14,4,4,1,4,1,5.5,4.34,4,5,0,1,0,4,4,3.49,4,4,4,3.69,3.73,2,4.19,0,2,1.65,4,1.87,3.8,3.44,3.35
3,4,4,7,15,3,2.5,5,7,3,4,4.79,3,6,1,0,1,2,1,1.14,0,0,6,1.12,1.15,3,4.84,0,1,1.16,6,1.11,4.8,4.75,1.16
2,1,4.5,2,16,5,2,3,5,4,4,4.94,4,2,0,3,3,7,4,4.31,6,2,4,5,4.21,4,5,0,1,4.22,6,5,5,2.34,5
4,3,5.5,4,17,5,5.5,3,5.5,2,5,4.79,4,4,0,1,4,7,4,3.04,4,1,4,3.02,3,2,4.81,1,1,2.99,1,2.99,4.81,4.79,3
6,2,7,7,18,6,4,2,7,1,5,4.97,3,6,0,3,0,7,6,4.98,0,0,6,3.94,5,0,5,0,1,1,6,1.64,5,4.98,5
2,3,6,6,19,5,2,1,5,1,6.5,4.65,6,5,0,0,2,5,5,4.48,1,2,4,4.38,4.14,1,4.77,0,1,4.84,6,5,1.92,3.84,4.07
5,2,5,4.5,20,6,4.5,5,6,3,4.5,3.05,4,5,1,0,1,3,5,3.65,4,1,5,3.88,3.99,4,3.4,0,1,3.79,4,3.24,4,3.93,3.78
2,2,3,4,21,2,3.5,3,3,3,5,5,5,2,0,2,1,5,5,1,2,6,4,4.99,5,4,5,0,1,3.36,3,3.38,2.74,2.75,1
5,4,6,6,22,5,5.5,3,6,1,6,4.86,5,5,1,2,3,5,4,1.04,1,1,5,1.05,1.09,1,4.84,0,1,3.75,2,4.05,4.21,1.35,1.08
5,3,5,2.5,23,6,5.5,3,4,3,4.5,3.46,4,1,0,2,3,2,4,2.47,4,2,2,3.52,3.76,4,2.54,0,1,3.47,2,3.33,3.43,3.51,3.47
5,4,5.5,6.5,24,6,6,3,4,6,3.5,4.71,5,6,1,0,1,4,4,4.68,1,3,3,1.34,1.44,3,4.51,0,1,4.58,1,4.8,4.25,4.63,4.5
6,4,5.5,7,25,6,5.5,1,7,0,5.5,4.84,3,6,0,1,0,4,4,1,0,0,6,1,1.09,3,4.94,0,1,1,3,1,4.8,1,1.09
5,2,5.5,3,26,4,6,4,6,2,5.5,4.92,5,3,0,1,0,5,4,4.92,5,1,5,4.95,4.94,1,4.94,0,2,4.94,1,4.91,4.91,4.92,4.92
5,4,6.5,4,27,6,4.5,5,5.5,2,5.5,3.79,5,5,1,3,3,7,0,1.53,5,1,4,1.54,2.14,1,4.19,0,1,1.68,4,1.35,4.49,4.52,1.51
2,4,3.5,5,28,2,2.5,3,6,3,4.5,4.08,4,5,0,2,4,5,5,3.67,3,1,5,3.8,2.62,3,4.39,1,2,3.67,5,3.38,4.24,3.64,4.15
0,0,5.5,5,29,4,1,7,7,1,4,4.76,1,4,0,0,2,5,5,4.73,2,0,6,1.17,1.15,1,4.78,0,1,4.79,6,4.75,3.01,3,4.73
5,3,6,6,30,5,6,3,5.5,1,6,5,5,5,0,0,0,5,6,5,1,2,5,5,4.99,1,5,0,1,1,1,1,5,5,5
4,1,5,5,31,4,4,3,5,2,5,5,4,4,0,1,0,5,4,5,2,2,4,4.99,5,2,5,0,1,5,4,5,5,5,5
1,1,4,3.5,32,3,2.5,3,4,1,5,5,3,3,0,1,2,5,5,5,4,4,4,1,1,3,5,1,1,5,4,5,2.97,2.99,5
5,1,7,7,33,6,3.5,2,6.5,0,7,4.99,6,6,1,3,0,5,5,5,0,1,6,1,1.02,0,5,0,1,5,6,5,4.08,4.12,5
5,0,4.5,4,34,6,3.5,3,6,1,5.5,4.95,4,4,0,1,0,5,6,4.64,4,2,6,3.3,2.17,5,5,0,1,1.04,6,1.15,4.39,4.38,1.64
6,3,5,5.5,35,5,7,2,4.5,2,4.5,4.05,3,5,1,0,3,5,4,4.5,2,4,5,3.02,3.41,3,4.51,1,1,3.94,0,4.13,2.96,2.18,3.9
4,1,5,6,36,4,5,3,6,4,4.5,3.21,5,5,0,0,0,5,5,3.21,1,1,5,3.25,3.32,2,3.49,0,1,3.17,2,3.51,2.96,2.72,3.54
6,4,6.5,3.5,37,5,6,3,6,1,6,4.81,5,4,1,0,2,7,4,1.21,5,0,4,4.8,4.76,0,4.79,1,2,4.8,2,4.8,1.16,1.2,1.18
6,4,7,7,38,6,7,3,7,0,7,4,6,6,1,0,0,7,4,4.28,0,1,6,1.86,2,0,4.59,0,2,1.92,0,1.92,4.49,4.13,1.67
4,1,6.5,5,39,5,4.5,5,6.5,0,6.5,1.03,5,4,1,0,2,5,4,5,2,0,5,5,5,0,1,0,2,1,3,1,5,5,5
3,3,5.5,5,40,5,3.5,3,6.5,4,3,4.62,2,4,1,3,4,5,3,2.11,2,0,5,1.66,2.25,2,4.53,0,1,3.49,4,3.51,3.65,3.48,1.72
4,4,7,6,41,6,4,5,6,3,5,1.08,5,6,0,0,4,7,4,1.04,2,2,6,4.75,4.78,0,1.16,1,1,1.13,4,1.14,4.77,1.26,1.13
4,0,5,3,42,4,5,7,6.5,5,2.5,1,2,2,0,0,3,5,5,2.14,4,0,5,1,1,2,1,0,2,5,2,5,4.26,4.09,4.09
6,4,7,7,43,6,7,0,7,0,7,4.81,6,6,0,1,0,7,6,1.15,0,0,6,4.81,4.77,0,4.84,0,2,1.18,0,2.99,4.76,4.72,1.15
4,1,5,2.5,44,5,5.5,1,3.5,4,3.5,2.11,3,2,1,0,1,2,2,3.91,5,4,3,1,5,3,5,0,6,1,1,1,1,5,5
5,3,4,5,45,4,4,1,5,4,4.5,4.59,5,4,1,0,1,7,4,2.42,2,3,5,3.92,3.73,4,4.46,0,1,3.1,5,3.22,3.65,3.57,2.44
4,4,6.5,6.5,46,6,5,1,6.5,1,6,3.45,5,6,1,2,4,5,0,3.72,1,0,5,4.06,3.55,1,3.44,1,2,2.45,2,1.95,3.64,2.8,3.43
3,0,5.5,6,47,5,3.5,7,4.5,4,3,4.79,2,5,0,3,0,3,5,4.75,1,3,4,4.76,4.83,2,4.78,1,2,4.72,4,4.77,3.03,2.99,4.78
6,2,4.5,3,48,3,5,1,4,1,5.5,3.97,4,1,1,0,1,4,4,1.38,3,4,4,3.67,3.35,2,4.5,0,1,1.16,4,1.06,2.53,2.28,1.44
4,3,5.5,4.5,49,5,5,3,5.5,2,5.5,4.26,5,4,2,1,0,5,4,2.13,3,2,5,1.55,1.64,2,3.79,1,2,1.85,2,1.65,4.56,4.36,1.66
3,2,6,3.5,50,5,2.5,5,5,4,4.5,5,5,2,0,0,3,3,6,4.83,3,3,5,3.93,4,1,4.6,1,1,1.34,6,1.65,3.02,4.65,1
5,4,6,4,51,6,4,7,5.5,4,4,4.68,4,3,0,0,0,7,4,2.9,3,2,5,4.68,4.56,2,4.73,0,2,2.91,5,2.87,4.59,4.72,2.9
1,2,5,4.5,52,5,2,1,5.5,2,5.5,4.43,5,5,0,3,1,2,5,4.89,4,2,5,4.52,3.8,3,3.91,1,1,4.89,5,4.79,2.35,1.38,4.91
6,3,7,7,53,6,7,1,7,0,7,3.51,6,6,0,0,0,5,5,2.7,0,0,6,3.45,2.55,0,2.58,1,3,3.31,0,2.72,3.35,2.66,3.48
5,1,5.5,5,54,5,3.5,3,4,5,3.5,4.85,4,3,0,0,0,8,5,4.81,1,4,4,2.99,3.01,2,4.77,0,1,5,6,5,4.59,4.69,4.8
6,4,4,4,55,6,4,5,4,6,4,4.23,6,6,0,0,4,2,4,1.7,6,6,6,1.46,1.33,6,4.43,1,4,1.47,6,1.47,4.74,4.99,2.74
5,0,6,6.5,56,6,6,2,5.5,6,3.5,5,5,6,0,0,0,3,5,5,1,2,5,1.03,1,2,4.37,0,1,1,1,5,3.72,1.79,5
5,2,4,2.5,57,5,4.5,1,5.5,3,4,4.25,3,1,2,3,0,7,6,1.81,4,2,5,3.95,4.01,5,2.32,0,2,3.82,4,1.81,3.89,4.41,3.63
5,0,7,4,58,6,3.5,3,5.5,0,6.5,4.78,5,6,1,3,0,5,5,4.79,6,0,3,1.4,1.2,0,4.85,0,1,1.21,6,4.49,4.84,4.79,4.79
4,3,6.5,4,59,6,3.5,3,6,2,5.5,4.5,5,3,0,2,3,5,4,2.38,3,1,5,4.4,4.35,1,4.49,0,1,4.62,5,4.94,4.81,4.29,3.04
5,1,5,4.5,60,6,4.5,1,5.5,4,5,5,6,4,0,0,3,2,6,1,3,2,5,5,4.96,4,5,0,1,1,4,1,4.71,4.52,1.01
6,4,5.5,5,61,5,7,1,5.5,1,6,5,5,6,2,1,0,7,0,1.06,4,1,4,1.08,1,2,5,1,1,1,0,1.08,5,5,1
5,3,4,4.5,62,5,4,4,3.5,1,6,4.87,5,5,1,1,4,3,6,3.99,4,5,4,4.24,4.66,5,4.87,1,1,3.11,5,3.01,4.68,4.53,4.11
5,1,7,5,63,6,3.5,3,3,6,4,4.83,6,6,0,0,1,7,1,4.78,4,4,2,4.88,4.82,0,4.92,0,1,4.85,6,4.89,1.12,1.13,4.82
4,3,2.5,4,64,2,4.5,3,4,3,4.5,1,4,4,2,0,1,5,1,1,4,4,4,5,5,5,2.45,0,1,5,3,3.49,3.59,5,3.6
4,3,4,4,65,4,4,4,4.5,2,4.5,2.6,3,4,0,1,0,5,5,3.95,4,2,3,4.08,3.95,4,2.48,1,1,4.04,4,4.19,3.15,3.21,3.73
3,2,3,4,66,2,4,2,4,2,5.5,2.4,5,3,2,1,1,4,4,1.98,3,4,4,3.54,3.5,4,3.21,0,2,2.45,3,1.56,2.15,2.64,2.32
5,0,4.5,7,67,4,5,1,7,4,4,5,4,6,0,3,0,8,5,5,0,0,6,1.43,1.31,3,5,0,2,5,3,4.91,4.07,3.4,5
4,4,4.5,4.5,68,5,3.5,6,4.5,4,4.5,4.19,5,4,3,3,4,1,4,4,3,3,4,3.51,4.35,4,3.25,2,3,4.06,5,3.51,3.35,3.97,3.34
4,3,6,6,69,5,4,1,6.5,1,5.5,4.82,4,5,0,0,0,7,6,4.9,1,0,5,1.2,1.1,1,4.77,0,2,1.08,4,1.25,3.37,4.79,4.71
2,3,6,6,70,5,2,1,6,1,6,3.84,5,5,0,1,2,2,4,4.52,1,1,5,1.47,1.28,1,4.09,1,1,5,6,5,4.42,4.25,4.72
5,2,6.5,5.5,71,6,6,2,5.5,1,6,5,5,5,0,2,1,7,4,1.04,2,1,4,4.02,4.96,1,5,1,2,1.17,1,2.06,4.97,4.96,5
6,3,4.5,5.5,72,4,6,2,4,2,5.5,4.77,5,5,1,1,4,7,4,4.81,2,4,4,4.69,1.19,3,4.78,1,2,4.76,2,4.74,4.76,4.76,4.76
2,0,6.5,7,73,6,3,7,5.5,4,4,1.97,4,6,0,6,0,3,5,4.98,0,2,5,4.74,4.95,1,2.05,0,2,5,4,4.82,2.05,2.01,5
1,1,5.5,4,74,5,1.5,1,5,0,7,4.62,6,4,0,3,4,5,5,3.33,4,3,5,3.64,2.74,2,5,1,1,5,6,5,2.34,2.71,3.46
5,3,6,4.5,75,5,4.5,2,5,3,4.5,4.55,5,4,0,0,0,5,4,2.17,4,2,5,1.55,2.48,3,4.25,0,1,2.35,4,2.1,3.44,3.15,1.44
1,4,2.5,4,76,0,3,3,7,0,7,4.23,6,5,0,1,4,4,4,4.4,5,0,6,1.02,1.04,3,3.39,1,2,1.02,3,1.04,3.97,4.26,4.96
4,4,7,3.5,77,6,3.5,3,7,5,4,5,5,5,0,0,3,3,6,1,6,0,6,1,1,0,5,0,1,4.98,5,4.97,5,5,1
5,4,5,5,78,5,4,4,6.5,4,4,4.68,4,5,0,3,3,5,4,1.5,3,1,6,3.7,4.16,3,4.75,0,1,3.54,5,4.67,3.48,3.44,1.37
5,3,5.5,6.5,79,3,5.5,1,6.5,1,5.5,3.94,4,5,0,0,2,5,0,4.77,0,0,5,4.23,4.31,0,4.26,0,1,4.82,2,4.97,2.48,2.54,4.86
5,2,5.5,5,80,5,4.5,5,5,3,4,4.76,3,5,0,2,3,5,4,1.33,3,2,4,4.68,4.73,2,4.7,0,1,1.3,4,1.25,2.58,2.62,1.24
0,0,5.5,1,81,4,1,2,4,4,2,4,0,0,0,0,2,5,5,4.97,6,3,3,1.05,1.04,1,3.88,0,3,5,6,5,3.02,3.01,4.96
4,4,6,6.5,82,5,4,3,4.5,1,5.5,4.99,4,5,0,1,1,5,1,1.03,0,4,5,2.99,3.9,1,4.96,0,1,1.04,4,1.04,2.97,3.04,1.02
4,4,3.5,5,83,4,3,1,3.5,2,5,3.79,4,5,0,0,0,5,4,1,3,4,3,4.76,5,5,3.65,0,1,1,6,1,5,5,1
5,1,4.5,4,84,6,3.5,3,6,3,5.5,4.94,4,6,0,3,0,3,4,4.94,4,4,6,4.89,4.94,2,4.98,0,1,1.03,6,1.08,4.81,4.95,2.26
5,3,6,4.5,85,6,5.5,1,6,4,5,3.3,6,5,0,3,1,7,4,3.72,4,2,6,1.38,1.75,2,4.24,1,3,4.1,2,3.56,4.06,3.79,4.22
2,4,4.5,4.5,86,4,2.5,7,6,0,6.5,4.73,5,5,0,0,4,5,4,1.08,4,1,5,1.28,1.15,3,4.13,1,2,1.09,5,1.19,4.68,4.86,1.02
5,2,5.5,5,87,5,4.5,5,6,2,5,4.73,4,4,0,2,3,5,4,1.24,2,2,6,4.87,2.71,2,4.81,0,1,1.13,4,1.14,3.02,2.76,1.21
6,4,5,7,88,6,4,5,7,0,5.5,4.91,3,6,1,1,0,5,4,1.17,0,0,6,4.6,1.46,4,4.9,0,1,4.48,6,3.98,1.95,4.19,1.04
5,3,6.5,4,89,5,4,6,7,1,6.5,4.75,6,5,0,0,5,5,5,3.02,5,0,6,4.78,4.79,0,3,1,3,4.78,5,4.82,4.75,4.76,1.11
5,4,5,7,90,6,3.5,1,7,3,5.5,4.82,6,6,3,0,0,5,4,2.28,0,0,6,4.76,4.84,4,4.94,0,1,1.04,6,1.02,3.93,4.3,1.69
3,4,5,4.5,91,6,3,3,3,4,4,1.47,4,3,3,2,0,3,1,1.56,2,3,1,1.09,1.15,4,4.1,0,1,1.38,5,3.93,1.31,1.24,1.73
5,1,6.5,7,92,6,5,3,6,0,5.5,2.01,3,6,0,2,0,4,5,5,0,1,5,4.01,4.14,1,2.05,1,2,5,3,5,5,5,5
4,4,7,4,93,6,5,4,7,0,7,3.45,6,4,0,1,0,2,0,4.72,4,0,6,1,1,0,2.2,1,3,3.53,2,2.96,4.99,2.8,5
5,2,6,4.5,94,5,5.5,3,4,2,6,4.73,6,4,0,3,4,4,1,3.02,3,4,4,4.53,3.93,1,4.39,1,2,4.81,2,4.99,1.19,2.29,2.99
3,2,5,4.5,95,3,4.5,7,7,4,4.5,2.84,5,3,0,1,2,5,4,1.53,2,0,6,1,1.27,1,2.54,0,1,3.65,2,3.79,2.55,2.28,1.46
5,4,4.5,3.5,96,4,5,5,2.5,3,3.5,4.01,2,4,1,0,3,3,4,2.25,5,5,2,4.09,4.08,3,2.09,0,1,4.28,3,3.99,4.23,2.35,3.58
5,3,6,4.5,97,6,4.5,1,5,3,4.5,4.7,4,4,1,0,0,5,4,1.62,3,3,5,2.01,1.95,2,4.51,0,1,2.3,4,2.56,4.05,3.37,1.63
3,3,4.5,2.5,98,4,3,3,5,2,4.5,4.44,3,2,0,0,3,2,6,2.89,5,2,4,3.67,3.51,3,4.7,0,1,3.18,5,4.06,3.78,4.65,2.22
0,0,4,4.5,99,0,1,0,7,4,5,1,6,6,0,0,3,5,4,5,5,0,6,1,1,0,1,1,1,5,6,5,1,5,5
5,3,6.5,6,100,6,4.5,3,4,4,4,4.66,4,5,0,0,0,3,5,4.29,1,4,4,4.57,4.56,1,4.7,0,1,4.36,4,4.13,4.26,4.32,4.14
4,4,4.5,4.5,101,4,4,1,5,1,5,3.18,3,5,0,0,2,7,4,2.19,4,3,5,2.71,3.37,3,2.98,1,1,2.93,4,2.56,3.68,3.41,1.54
1,2,6,4.5,102,5,2,7,6.5,5,3.5,4.01,4,5,0,0,0,5,5,5,4,0,5,1,1,1,4,0,2,5,5,5,5,5,5
5,4,7,6,103,6,4,5,6.5,1,6.5,3.85,6,5,1,3,0,5,1,3.89,1,0,5,3.21,3.14,0,4.22,1,1,1.19,5,1.45,3.42,2.53,3.84
5,1,4.5,6,104,4,4.5,0,4.5,4,4,3.57,4,6,2,2,1,6,5,3.27,2,1,2,3.58,3.32,3,3.67,1,1,3.79,4,3.53,4.09,3.51,3.56
5,2,5,4.5,105,4,4,3,4,0,5.5,4.07,4,5,0,0,1,5,5,3.91,4,1,5,4.31,4.27,1,4.42,0,2,1.81,4,2.7,4.35,3.95,2.38
4,1,5.5,5,106,5,5,2,5,2,5,4.49,4,4,0,0,3,7,5,3.41,2,2,4,2.13,2.05,2,4.47,0,1,3.99,2,4.02,3.32,2.76,2.56
5,4,6,4,107,6,5,3,5,2,6,5,6,4,1,1,2,5,6,5,4,3,5,4.92,2.99,2,5,0,2,5,3,5,5,5,5
1,0,5.5,3,108,4,2,0,3.5,4,5,3.78,6,3,0,0,2,1,5,5,5,5,4,1,1,1,4.1,1,1,4.97,5,5,2.14,2.21,5
4,4,7,7,109,6,6,5,7,0,7,5,6,6,1,6,0,7,1,1.04,0,0,6,1,1,0,4.74,1,1,1,0,1.11,5,5,1.23
5,2,6,3.5,110,5,4.5,3,6,0,6.5,4.11,5,4,0,0,1,7,4,3.39,5,1,5,3.48,3.56,1,4.33,1,1,1.94,4,2.13,2.03,3.68,3.41
5,4,5.5,7,111,6,4,1,7,5,3,4.99,3,6,1,3,1,5,1,1.05,0,0,6,5,1.58,3,5,0,1,1.04,5,1,5,1.05,1.02
2,0,6.5,7,112,4,3,2,5.5,4,4,1.27,4,5,0,6,0,3,5,4.76,1,3,5,4.54,4.52,2,1.94,0,2,4.86,4,4.57,1.96,1.09,4.63
4,4,6,5,113,6,4.5,2,1,5,3.5,4.72,4,6,0,0,3,3,0,1.12,4,6,0,4.81,4.72,2,4.78,0,1,3.31,3,3.24,3.06,3.09,1.17
4,0,7,5,114,6,3.5,3,6,2,5.5,1.15,5,5,0,1,0,7,4,4.74,3,1,5,1.2,1.11,0,1.26,0,2,4.76,5,4.78,4.85,4.72,4.79
6,0,6,5,115,5,5.5,1,6.5,6,4,4.75,4,2,2,4,1,5,4,1.06,3,4,6,4.78,4.8,2,4.8,0,1,4.75,3,4.81,4.79,4.76,1.05
5,3,3.5,4.5,116,4,5,3,6.5,1,6,3.69,5,5,0,1,4,7,4,1.06,4,0,5,5,4.81,5,4.11,1,1,1.06,3,1.01,4.7,3.46,1.98
2,1,6.5,6,117,6,2,2,5.5,5,3.5,4.11,4,6,0,0,3,4,5,5,2,2,5,2.4,1.56,1,4.01,1,1,5,6,5,3.33,3.32,5
5,4,6,4.5,118,5,4,1,7,0,6.5,1.02,5,5,0,0,4,7,4,1,4,0,6,5,1,1,1,1,2,1.02,5,1,5,5,1
1,2,2,3.5,119,1,2.5,5,6,4,4.5,4.76,5,4,0,4,4,5,0,5,5,1,5,5,4.95,5,4.63,1,3,1.05,4,1.2,4.97,5,4.98
6,2,6.5,6,120,5,6.5,6,7,0,6.5,4.76,5,5,0,0,0,5,4,3,1,0,6,3.85,3.66,0,4.96,0,2,1.72,1,2.46,4.13,4.28,2.99
5,2,6,6,121,6,6.5,3,6.5,0,6.5,4.2,5,4,0,2,0,5,4,1.64,0,0,5,4.05,3.9,2,4.03,1,1,3.92,0,4.01,4.05,3.27,1.62
4,0,5,4,122,4,4,3,4.5,5,3,3.9,3,4,0,0,3,4,4,1.45,4,4,5,3.75,3.75,2,3.84,0,1,1.47,4,1.46,1.37,3.96,1.53
5,4,6.5,7,123,6,5,3,4,0,7,4.98,6,6,1,3,0,7,4,1.04,0,5,5,3.09,3.89,1,5,0,2,1,3,1,3,4.39,1
6,4,5,4,124,5,7,0,5,0,7,3.01,6,4,0,2,0,5,4,4.95,4,2,4,1.02,1.71,3,3.02,1,2,1.02,0,1.01,5,3.01,5
5,1,5,5,125,4,5.5,5,5.5,4,4,3.35,4,4,0,0,0,4,4,3.58,2,2,5,3.73,3.74,2,3.53,0,1,2.32,2,1.75,2.64,2.64,3.26
4,3,6,5.5,126,5,6,3,6,2,5,3.12,4,5,0,0,1,5,4,2.88,2,1,5,2.94,2.94,1,4.79,1,1,1.01,0,1.14,4.89,4.83,3.01
2,2,4,1.5,127,3,3.5,1,6,5,4,3.84,5,1,0,0,2,3,5,4.51,6,0,4,1,1,3,3.57,1,3,5,3,5,4.25,3.68,4.61
6,1,6.5,4.5,128,6,4.5,0,6.5,0,7,5,6,5,0,0,3,3,4,1,4,1,6,1.46,1,1,5,0,1,1,5,1,5,5,1
5,4,7,4.5,129,6,6.5,3,6,2,5.5,5,5,5,1,0,0,5,1,1,4,1,5,2.97,2.98,0,5,0,1,4.07,0,3.99,5,5,1
4,3,5,4.5,130,5,5,3,4.5,2,5.5,5,5,4,1,1,0,5,4,3.41,3,4,5,4.37,4.46,3,5,0,2,2.97,2,3,5,4.55,3.39
3,2,2.5,5,131,0,2.5,3,5.5,0,5.5,5,3,3,0,0,0,2,4,1.11,1,2,5,4.82,1.24,3,4.81,0,1,2.47,6,3.32,4.82,4.84,1.22
5,2,6.5,6.5,132,5,4,2,6.5,0,5,4.89,2,5,1,1,0,5,4,1.1,0,0,5,4.85,4.83,0,4.87,0,2,3.01,5,2.98,4.84,4.84,1.08
4,2,6.5,5,133,6,3,7,6.5,4,5,4.91,6,3,0,0,3,3,4,5,1,0,5,3.51,3.47,1,3.69,1,1,5,6,5,2.47,1,5
5,2,5.5,5.5,134,5,4,3,5,5,3,4.11,5,5,0,3,0,7,0,5,1,1,5,3.88,4.08,1,4.95,1,2,5,4,5,2.27,2.25,4
5,4,4,3,135,2,4,3,3.5,5,2.5,4.76,2,2,1,6,0,7,1,4.72,4,5,4,4.72,4.76,2,4.5,1,3,1.24,5,1.11,4.76,4.8,4.32
6,2,7,4,136,6,7,7,2,4,4.5,4.18,5,3,2,2,3,5,4,1.12,3,6,2,3.33,3.95,0,4.02,0,1,1.83,0,3.53,4.78,4.04,1.56
2,4,2.5,4,137,3,2,7,5.5,6,4,3.14,6,6,2,2,1,5,4,3.12,6,3,6,3.53,4.15,6,3.7,1,1,2.04,6,3.76,2.92,3.22,1.7
5,0,6.5,5,138,4,5.5,7,6.5,1,7,5,4,3,0,0,1,7,5,3.84,4,0,6,5,5,0,5,1,2,1,1,1,5,5,5
4,3,5.5,5.5,139,4,4,3,5,5,3,3.96,3,5,0,3,0,7,0,4.09,2,0,2,4.47,3.95,1,3.85,1,2,4.96,4,5,1.93,1.88,5
5,3,6.5,3.5,140,6,4.5,1,6,4,4,4.97,4,4,0,0,0,7,4,4.61,5,1,5,4.46,4.72,1,4.96,0,1,2.18,4,3.34,4.98,4.39,4.96
5,2,5,5.5,141,5,4,1,4,4,4,3.81,4,4,0,0,3,3,6,3.39,1,2,2,3,3.6,3,3.68,0,1,3.46,5,2.53,3.32,3.25,3.27
5,2,5,6,142,6,5,3,7,0,6.5,4.82,5,4,0,1,4,5,4,4.78,0,0,6,4.81,4.91,4,4.81,1,3,1.15,3,1.14,4.81,4.77,4.78
6,4,5.5,6,143,6,2.5,3,6,3,6,4.98,6,5,6,0,0,7,4,1.04,6,0,6,1.06,4.98,1,4.91,1,2,1.02,6,1.06,1.04,4.97,1.06
5,4,6,4,144,5,5,3,5.5,1,6.5,4.83,6,5,0,1,3,5,6,3.9,5,1,4,1.73,3.92,1,4.83,0,1,4.73,3,4.54,4.83,4.78,3.78
5,3,6,5.5,145,4,4.5,1,6.5,4,4.5,5,5,6,0,0,1,5,5,5,3,0,5,1,1,0,5,0,1,5,4,5,5,5,5
3,4,4.5,3.5,146,4,3.5,7,4.5,3,3.5,3.13,2,1,0,1,4,2,5,2.99,2,4,5,1,1,3,3.54,0,1,5,4,5,2.96,3,2.99
4,2,7,6,147,6,3.5,1,6.5,0,6,4.43,4,5,0,0,2,2,1,3,1,0,5,1.11,1.09,0,4.17,0,3,2.48,5,2.17,3.91,3.89,3.27
5,1,5,5.5,148,4,6,1,6.5,3,5,4.8,5,5,0,2,3,2,1,4.77,2,1,6,4.89,4.8,2,4.82,1,1,4.8,1,4.81,4.76,2.2,4.82
6,0,6.5,6.5,149,5,7,3,6,1,5,4.43,3,5,1,1,0,5,5,1.48,0,0,4,3.9,4.08,0,4.49,1,1,1.06,0,1.02,3.56,4.01,1.41
5,2,4,4,150,6,5.5,7,4,2,3,5,0,3,0,1,4,5,6,2.44,3,5,5,2.86,3.96,6,3.86,1,1,1.91,2,2.6,5,5,1.07
4,1,4,4.5,151,5,3.5,3,3.5,2,5,3.38,4,5,1,0,1,3,4,3.6,4,2,1,3.51,4.23,5,3.5,0,1,4.03,5,3.48,2.64,2.41,3.46
5,1,5,5,152,5,4,3,5,1,5,5,5,5,0,0,0,5,4,1,1,1,5,3.01,3.02,1,5,0,1,4.05,1,4.21,5,5,1
5,3,6,1,153,6,6,3,6.5,4,5.5,5,2,4,0,0,1,7,4,1.02,4,0,6,1.01,1.05,0,1,1,1,1,0,4.95,1.77,5,1.02
1,0,4.5,2.5,154,2,2,2,7,1,6.5,5,6,2,0,3,4,3,5,5,5,0,6,1,1,1,5,1,1,5,5,5,1,1,5
5,1,6,5.5,155,5,4,1,5,1,6,4.09,5,5,1,1,0,3,4,1.28,2,0,2,3.71,4.52,1,3,1,1,3.01,5,1.35,4.97,4.93,1.26
5,4,5.5,4.5,156,5,5.5,1,7,4,4.5,4.61,5,5,1,0,1,5,4,4.7,4,0,6,4.52,4.64,2,4.74,0,3,1.27,2,1.34,4.63,4.64,4.53
5,0,5,3.5,157,6,4,7,5,4,5,4.82,6,5,5,0,2,2,4,4.04,6,2,4,3.66,4.91,4,4.95,5,3,4.26,5,3.92,4.97,4.93,4.85
1,4,5,4.5,158,4,3,1,6,4,4.5,4.6,5,2,0,0,1,5,4,2.85,1,1,5,1.32,1.31,2,4.7,0,2,1.37,3,1.25,4.8,4.79,2.99
1,0,5.5,1.5,159,3,1.5,3,6,1,6,3.6,5,1,0,0,3,7,5,3.32,6,1,5,1.49,1.6,0,3.93,0,2,4.56,6,4.74,3.92,3.35,3.46
5,3,5,6,160,5,4,2,7,1,6,4.78,5,5,0,0,5,2,6,4.26,1,0,6,4.76,2.27,3,4.75,1,4,2.26,5,2.97,4.77,2.68,4.79
3,0,6.5,7,161,6,3,3,7,0,7,3.02,6,6,0,4,0,7,4,4.96,0,0,6,3.03,2.24,1,3.32,0,3,1.01,5,1.03,4.96,3.01,4.97
1,1,4,5.5,162,4,2,2,4,3,4.5,4.57,4,5,1,2,1,4,1,4.69,2,4,4,1.57,1.28,4,4.38,0,1,4.65,5,4.62,1.54,1.34,4.48
4,2,4,4.5,163,5,3,1,6,1,6,3.62,5,5,0,0,0,5,5,4.12,4,1,5,4.43,4.19,5,4.27,1,2,4.33,6,3.72,4.95,4.66,3.86
3,4,6.5,4.5,164,5,3.5,1,5,4,5,4.76,6,2,1,1,1,5,6,1.13,1,0,2,4.43,4.81,0,4.78,1,2,1.14,4,1.23,2.28,4.79,1.18
2,0,5,5,165,5,1,3,6,1,7,4.76,5,5,0,1,0,5,4,1.16,3,0,4,4.9,4.83,2,4.91,0,2,4.23,5,2.99,4.86,4.7,1.07
3,2,4.5,4,166,4,3,2,4.5,2,5.5,5,5,4,1,0,0,7,6,4.27,4,4,5,2.99,3.29,3,3.77,0,1,1.49,5,1.79,1.82,2.48,1
5,4,7,6.5,167,6,4,3,5,2,5,4.92,4,5,1,1,4,3,6,1.06,0,4,6,1.55,1.05,0,4.23,1,2,1.06,5,1.06,2.8,2.63,1.11
5,2,5,6.5,168,5,4.5,5,4.5,4,4.5,3.48,5,6,0,0,2,4,6,3.58,1,1,2,3.45,3.55,3,3.53,1,1,3.67,4,3.5,3.68,3.32,4
6,4,6.5,6,169,5,5,4,6.5,1,4,4.27,1,6,2,5,0,5,4,1.57,1,0,6,4.14,3.93,1,4.56,0,2,1.14,5,1.15,1.78,4.26,1.5
2,3,4,5,170,4,2.5,3,5.5,4,4,4.75,4,4,0,1,0,5,1,4.73,2,1,4,4.77,4.74,4,4.66,0,1,4.75,5,4.71,4.71,4.73,4.71
2,2,6.5,6.5,171,5,2,3,6.5,4,3.5,4.04,3,5,1,0,0,4,5,3.01,0,1,6,4.78,4.8,0,3.99,0,2,4.78,6,4.8,3,3.05,3.94
4,1,6,1,172,6,6,3,6.5,2,5.5,5,5,0,0,0,1,7,4,1,6,1,6,1,1.05,2,4.95,1,1,1,0,1,5,5,1
4,4,5.5,7,173,5,3.5,3,6.5,0,7,4.93,6,6,1,0,1,5,4,1.04,0,0,5,4.99,4.95,2,4.96,0,2,1.03,5,1.03,4.99,4.95,1.03
5,1,6.5,5.5,174,6,6,1,4.5,1,6,4.42,5,5,0,0,3,5,4,1.88,2,2,3,2.2,2.1,1,4.23,0,1,4.15,1,4.34,4.99,5,5
5,4,7,2.5,175,6,4,1,5,4,5,5,6,2,0,1,3,5,4,1,5,2,4,4.94,4.99,0,3.84,0,1,1,5,1,4.93,4.96,1
6,2,6,6.5,176,5,7,1,7,0,7,5,6,5,1,2,0,5,6,1,0,0,6,1,1,1,5,0,1,1,0,1,1.53,5,1
4,3,5,4,177,4,5,5,4.5,1,5,4.54,3,4,1,4,0,5,1,1.77,4,4,5,1.4,1.34,2,4.78,0,1,2.61,2,3.37,1.4,1.83,3.85
1,2,6.5,3.5,178,5,2,7,6,0,6.5,2.54,5,3,0,0,1,5,5,5,4,1,5,5,5,0,2.99,1,2,5,5,5,5,5,5
1,2,6,5.5,179,5,4,3,5,1,4,4.01,1,4,0,1,3,5,4,2.38,1,2,4,2.43,2.18,1,3.84,0,1,1.11,1,1.03,3.45,4.14,2.56
1,3,2.5,1,180,2,1.5,3,6,0,6,5,4,0,1,0,1,5,4,5,6,0,4,5,5,5,5,0,1,1,6,1,5,4.99,5
5,3,6.5,4.5,181,6,4.5,0,6,4,5,4.97,6,5,0,0,0,5,4,3,4,1,5,4.28,4.65,1,4.94,0,2,1.02,4,1.05,4.94,4.94,2.99
4,3,3.5,4,182,4,3.5,5,4,4,4,2.6,4,4,2,0,4,4,4,3.32,4,5,5,3.24,3.42,5,3.41,1,1,3.5,5,3.12,3.51,3.53,3.61
5,4,6.5,4,183,5,4,3,6.5,1,6,4.91,5,5,1,1,4,7,4,4.69,5,1,6,2.84,2.56,0,4.52,1,2,4.22,5,1.79,4.04,4.18,1.04
5,2,7,6.5,184,5,6,1,6,0,7,4.83,6,6,1,3,0,5,4,3.68,0,1,5,3.34,3.44,0,4.54,0,2,3.38,1,3.35,4.11,4.56,3.28
4,2,6,6,185,6,3,3,5,1,6,5,5,5,0,0,3,2,4,5,1,3,5,3.67,3.71,2,4.98,0,1,3.8,6,3.72,5,5,5
4,1,7,3,186,6,3,7,4,6,2.5,4.44,3,4,1,0,2,5,1,4.97,6,4,4,1.01,1.99,0,4.51,1,1,1.04,6,2.96,4.1,3.02,3.87
3,4,3.5,5,187,3,4,3,3,4,4,4.13,4,6,0,0,3,5,6,2.29,4,4,2,1,3.24,4,4.92,0,1,2.84,3,1,3.82,3.7,1
1,3,3,3.5,188,2,2,3,4.5,0,6.5,5,5,4,0,1,0,5,1,4.93,5,4,5,4.76,4.96,4,4.9,0,3,4.17,5,4.07,3.02,2.13,4.99
4,2,6,3.5,189,5,4.5,7,3,4,4.5,4.88,5,3,0,1,0,5,5,4.1,4,5,3,4.9,4.76,1,4.9,1,1,4.81,3,4.94,3.96,3.99,4.86
5,4,5.5,5.5,190,4,4.5,3,5.5,5,3.5,4.77,4,5,0,0,0,7,4,1.65,2,1,4,4,3.86,1,4.73,0,2,1.02,4,1,2.09,1.81,2.03
0,2,5,5,191,5,1,3,6,0,7,4.85,6,5,0,0,0,5,4,1.08,3,1,5,4.9,4.86,3,4.89,0,2,4.88,6,4.9,4.89,4.88,1.1
6,4,7,7,192,6,4,7,7,0,7,4.89,6,6,0,0,5,7,1,1.19,1,0,6,4.81,4.86,0,4.83,0,4,1.15,6,1.2,4.8,4.86,1.18
1,4,3.5,6,193,5,2.5,3,6,3,5,4.22,5,5,0,0,0,7,4,3.46,1,1,5,4.05,3.76,6,4.5,0,1,3.58,4,4.26,3.76,3.62,3.94
5,4,6,6,194,5,4.5,6,5.5,2,4.5,4.97,3,4,0,1,0,7,1,1.05,0,2,5,4.88,4.94,1,4.94,0,1,1.05,4,1.1,4.98,4.98,1.06
5,2,6,5,195,6,5,4,5.5,1,6.5,4.16,6,4,1,1,0,7,4,4.2,2,0,3,1.3,4.04,2,3.99,1,2,4.14,3,3,1.34,1.78,1.47
5,2,6,2,196,5,4,1,6,1,6,4.95,5,2,0,0,1,5,5,1.27,6,1,5,5,4.98,1,4.72,0,1,1.01,5,1,5,5,1
6,1,7,7,197,6,7,1,7,0,7,5,6,6,0,0,2,2,1,1,0,0,6,5,5,0,5,1,2,4.98,0,5,5,5,1
6,2,7,7,198,6,7,5,7,0,7,2.52,6,6,0,0,0,5,5,3.38,0,0,6,2.69,3.33,0,3.46,0,3,2.66,0,3.4,2.69,3.28,2.47
5,4,7,4,199,6,6.5,1,6.5,2,5.5,3.79,5,5,1,2,0,7,0,1,5,0,5,3.79,3.68,0,3.82,0,2,1,0,1.01,5,4.99,1
6,4,7,6.5,200,6,5,3,6.5,4,5,4.73,6,5,0,1,3,5,4,3.01,0,1,6,1.14,1.16,0,4.8,1,1,1.18,4,1.17,4.78,4.74,2.99
6,4,6.5,4.5,201,5,5,2,7,4,5,4.38,6,5,0,0,1,5,1,2.39,4,0,6,4,1.96,0,4.19,1,2,4.08,4,1.6,3.93,3.67,3.36
3,0,4.5,3.5,202,6,3,3,6,4,3,5,2,5,0,2,0,5,1,4.28,6,2,6,3.06,3.21,5,4.7,0,3,1,5,1,3.84,4.03,3.79
4,4,4,4.5,203,4,5,7,5,4,4.5,4.72,5,4,0,3,5,5,1,4.73,3,2,4,1.19,1.15,4,4.27,1,3,4.84,2,4.85,4.18,4.26,4.71
6,4,7,6,204,6,6,3,6,0,7,5,6,4,2,0,0,7,0,1,0,0,4,1.05,1,0,5,0,2,1,2,1.05,5,1.03,1
5,2,6,5.5,205,5,6,3,6.5,1,6,3.01,5,3,0,5,0,7,5,4.21,0,1,6,1.64,1.79,1,3.02,1,1,1.54,1,1.71,3.93,4.32,4.23
4,3,6,6,206,5,4,1,5,5,4,4.99,5,5,0,0,0,7,4,4.95,1,2,4,1.14,1.04,1,4.79,0,2,4.95,4,4.75,1.18,1.02,4.79
6,0,7,3.5,207,6,7,3,5,3,5,3.01,5,4,0,6,0,7,5,4.29,5,3,5,1.9,1.23,0,3.03,0,1,1.46,0,1.25,4.14,4.69,4.28
5,1,5.5,4.5,208,5,5,1,6.5,4,4,4.96,4,4,0,1,0,7,5,4.93,3,0,5,5,5,2,1.06,1,2,4.96,3,5,1,1.03,5
5,4,6.5,7,209,5,4,3,7,0,6.5,4.78,5,6,0,0,3,3,4,1.2,0,0,6,4.77,4.78,0,4.81,0,1,1.08,5,1.26,1.17,1.17,1.15
4,4,4.5,6,210,6,3,3,4,3,4,4.51,3,5,0,3,0,5,6,4.11,1,5,5,4.31,4.16,5,4.34,1,1,3.16,6,4.11,4.78,3.87,4.41
5,3,7,5.5,211,6,6.5,3,4.5,1,5.5,4.71,4,4,1,2,4,5,0,1.17,1,2,3,4.08,4.32,0,3.74,1,2,1.27,0,1.53,2.52,1.31,1.25
3,4,7,4.5,212,6,3.5,1,2.5,5,4.5,4.96,6,6,2,7,4,2,1,4.96,5,6,3,1.02,1.06,0,4.95,1,2,4.94,4,4.98,1.03,1.05,4.98
4,4,5.5,3,213,5,3.5,1,5.5,3,5,4.48,5,3,0,0,0,5,0,3.43,5,1,4,2.69,2.89,2,4.82,0,1,2.81,5,3.13,1.96,2.4,3.12
3,3,5,4.5,214,5,4.5,2,3,1,5.5,4.61,4,4,1,0,4,2,4,1,3,5,3,4.4,4.48,3,3.87,1,2,1,2,1,3.81,3.79,1
5,3,6,3.5,215,5,6,3,1.5,2,5,4.8,4,5,0,0,0,7,4,1.73,6,6,1,4.97,4.77,1,1.82,0,2,2.07,1,4.08,4.8,4.81,5
4,4,4.5,3,216,5,3,2,5.5,4,4,1,4,4,0,1,4,4,0,4.93,6,1,4,4.08,3.91,4,1,0,2,4.98,6,5,2.06,2.06,4.89
4,1,5,2.5,217,4,4.5,5,4.5,2,4,2.57,2,2,1,0,3,7,4,3.46,5,4,5,3.55,3.48,2,2.49,0,1,3.74,3,4.11,3.58,3.45,3.44
5,4,3.5,4,218,2,4,1,4,3,4,3.85,3,4,2,0,1,5,1,1.07,4,2,2,2.32,1.08,3,4.3,0,1,1.03,5,1.09,4.01,2.61,1.04
3,1,3.5,4,219,3,3.5,5,3.5,4,3.5,3.81,3,3,2,3,0,7,4,1.9,3,3,2,3.21,3.36,4,3.68,0,1,3.5,4,3.42,3.31,2.54,2.05
4,3,6,5.5,220,5,3.5,4,6,2,5.5,4.74,5,5,1,2,1,5,4,2.09,2,1,5,4.8,4.74,1,4.75,0,3,1.19,5,1.22,4.78,2.07,4.74
4,0,5.5,5,221,4,3.5,7,4.5,1,4.5,4.98,2,2,1,1,3,5,5,3.87,0,4,5,1,1.52,1,4.99,0,1,4.07,5,4.15,3.9,3.78,3.9
4,4,5.5,5.5,222,5,5,1,6.5,3,5,4.7,5,4,0,2,3,7,6,5,1,1,6,5,5,2,5,0,1,4,2,4,3,3.87,4.04
4,3,5.5,4,223,6,4,1,6.5,1,6,4.82,5,1,1,1,3,3,4,4.16,1,0,5,2.33,2.38,3,4.48,0,1,4.09,4,3.97,2.54,3.94,4.58
2,0,6.5,6,224,5,2.5,3,6.5,5,3.5,1.21,4,5,0,0,0,3,5,4.44,1,1,6,2.04,2.02,0,1.46,1,1,4.97,5,5,2.05,1.55,4.46
1,0,4,5.5,225,3,2,5,2,3,4.5,4.37,4,5,1,0,7,0,1,4.2,2,5,1,1,1.55,3,3.31,4,1,1,5,1,4.4,2.52,3.49
3,2,6,5.5,226,5,5.5,7,6,1,5.5,4.98,4,4,0,0,1,7,4,1.89,1,1,5,1,1,1,5,0,1,4.03,0,4.45,5,1.07,1.85
3,4,5,4.5,227,3,3.5,7,5.5,0,7,3.94,6,5,0,0,1,5,4,1.8,4,1,4,5,5,1,3.86,0,1,1,4,1,1.65,1.68,1.83
6,0,6,4,228,5,6.5,5,6,1,6,3.95,5,5,4,1,1,0,1,1.84,5,1,5,4.95,4.93,1,3.95,3,1,4.95,1,4.94,3,3.94,1.93
4,2,6,3.5,229,6,4,3,6,5,3.5,4.93,4,3,0,0,2,2,4,4.9,4,1,5,1.12,4.84,2,5,0,2,1,4,1,2.99,2.97,5
5,1,6,7,230,5,6.5,4,6.5,0,5.5,4.4,3,6,1,0,1,7,6,1.41,0,0,5,1.18,2.47,1,3.84,0,1,2.97,0,3.27,4.08,4.92,2.53
6,4,7,7,231,6,4,3,7,0,7,4.73,6,6,0,0,5,7,1,1.19,0,0,6,4.75,4.82,0,4.8,0,4,1.11,6,1.17,4.83,4.76,1.17
3,3,5,6,232,5,3,3,6,3,5,3.02,5,5,1,1,1,5,4,1.18,1,1,5,4.7,4.72,3,2.99,1,1,1.2,5,1.2,4.74,3,2.02
0,4,5.5,6,233,4,1,4,4.5,0,6.5,3.01,5,5,0,2,0,5,0,2.99,1,3,4,5,5,1,3.01,0,2,3.01,6,3.01,5,5,2.95
3,1,6.5,4,234,6,3.5,0,5.5,2,5.5,4.97,5,5,1,0,3,3,6,1.05,5,3,6,5,1.01,1,5,0,1,1.05,4,1,3.04,2.98,1
4,3,3.5,4.5,235,4,4.5,7,4,5,4,4.69,5,4,0,0,0,7,5,4.69,3,4,4,4.24,4.26,5,4.71,0,1,3.06,3,3.09,4.73,4.57,4.7
4,4,6.5,4,236,5,3.5,3,4.5,1,6,4.39,5,5,0,1,0,1,4,1.47,5,4,5,4.5,4.38,0,5,0,2,1,5,1,3.37,2.71,1.59
5,3,5.5,5.5,237,6,4,3,4.5,3,5,4.78,5,5,0,1,0,5,4,1.36,2,1,2,3.7,3.55,3,4.82,0,1,3.82,5,4.03,4.26,3.94,1.61
6,4,7,7,238,6,7,3,7,0,7,4.94,6,6,1,3,0,5,5,4.96,0,0,6,1.02,1.03,0,4.95,0,2,1.04,0,1.06,1.03,1.01,4.95
6,4,7,7,239,6,6,7,7,4,5,5,6,6,1,0,3,4,5,5,0,0,6,2.13,1.59,0,5,0,1,3.39,2,3.58,1.95,1.93,5
6,4,4,6.5,240,6,6.5,3,7,5,4.5,4.83,6,6,1,0,1,4,4,1.38,1,0,6,1.47,4.59,6,4.55,1,2,1.48,1,1.44,1.59,4.59,1.37
1,0,3.5,4,241,3,1.5,3,5,1,6.5,3.57,6,5,4,0,1,5,3,3.49,5,3,5,1.27,1.57,4,3.36,0,1,3.96,6,4.52,4.62,4.42,3.36
5,0,5.5,4,242,5,6,7,3.5,6,3.5,3.78,5,2,0,3,1,3,5,3.81,2,5,4,1.57,1.56,2,3.18,1,1,5,1,5,4.24,4.52,3.64
6,2,7,7,243,6,7,5,7,0,7,4.97,6,6,1,1,0,5,5,4.95,0,0,6,4.96,4.97,0,4.96,0,2,3.55,0,4.97,4.98,4.79,4.96
2,3,2.5,4.5,244,2,3.5,0,6.5,3,5,4.76,5,4,0,0,4,7,4,1.55,4,1,5,3.63,3.31,4,4.75,1,2,3.1,6,3.46,4.02,3.1,1.8
3,0,4.5,4,245,2,3,2,4,4,3.5,3.35,3,5,1,2,1,5,4,2.84,5,2,2,2.87,3.23,1,3.15,0,1,2.91,5,2.89,2.87,2.84,2.96
1,0,5,4,246,4,2,1,5.5,2,5.5,3.53,5,4,0,4,0,3,5,5,4,2,5,3.3,3.24,2,4.34,1,2,5,5,5,3.29,3.12,5
4,4,4.5,4,247,5,4,3,4.5,4,4,3.64,4,4,0,0,0,5,6,3.71,4,3,4,4.57,3.71,4,3.44,1,2,3.83,4,4.16,3.77,3.51,3.75
3,0,4,4,248,4,4.5,1,4,2,5,2.62,4,4,1,0,0,7,6,3.26,4,3,3,1.94,3.39,4,2.75,0,1,2.65,2,2.24,2.48,2.56,3.35
5,4,4.5,2,249,5,5.5,1,6,3,4.5,4.57,4,1,0,0,1,7,6,4.74,5,1,5,4,4.62,4,4.85,1,1,1.75,2,1.65,3.84,4.61,4.8
2,4,5.5,6,250,4,2.5,1,6,1,6,5,5,5,0,0,4,7,4,5,1,1,5,5,5,1,5,1,2,1,5,4.99,1,4.94,1.05
5,3,6.5,6.5,251,6,7,5,6,2,5,4.46,4,5,1,2,0,5,4,4.99,0,0,5,4.02,3.7,0,2.55,1,1,1,2,1.99,1.39,1.48,1.27
4,2,6.5,6.5,252,6,5,3,7,0,6.5,4.99,5,6,0,1,0,7,4,4.96,1,0,6,5,5,1,4.96,0,1,4.92,2,5,5,4.88,1
4,2,5.5,5.5,253,5,4,1,6,1,6,3.93,5,5,0,0,0,5,6,1.05,2,1,5,4,4.22,2,4.57,0,1,3.77,4,4.02,3.99,3.99,1.08
5,2,5.5,5.5,254,6,5,3,5.5,5,4,5,5,5,1,7,0,5,1,1,2,3,6,2.98,3.01,3,5,1,2,1.09,3,3,5,4.85,1
5,1,6.5,3,255,5,6.5,7,7,0,7,1.16,6,2,0,3,1,5,1,4.73,4,0,6,1.14,1.24,0,4.79,1,1,4.75,0,4.78,1.1,1.19,4.74
6,3,7,6.5,256,6,6.5,5,6,1,6,4.27,5,5,2,3,0,5,4,2.39,0,1,5,4.51,4.58,0,4.48,1,1,3.96,1,3.73,4.94,4.89,1.34
3,1,3,3.5,257,2,4,2,4.5,2,5,2.52,4,2,1,1,1,4,4,2.3,3,3,4,1.47,2.41,4,4,0,2,1.89,3,1.58,2.35,2.44,1.52
3,2,4.5,4.5,258,3,4.5,2,4,2,4,5,2,3,0,0,0,5,6,5,2,3,3,5,5,2,5,0,2,5,2,5,1,1,5
4,1,6,5.5,259,5,3.5,7,5.5,4,4.5,4.94,5,5,1,3,1,7,4,1.04,2,1,4,2.28,1.23,1,5,0,1,1.04,5,1.04,1.01,1.08,1
4,0,5,6,260,6,4.5,5,6,2,5.5,4.41,5,6,2,0,3,5,6,2.44,2,1,5,2.21,2.27,4,4.27,0,1,2.18,3,1.8,3.71,3.86,2.4
5,2,6.5,5,261,5,5.5,1,6.5,0,7,5,6,4,0,0,1,7,4,3.96,2,0,5,5,4.99,0,5,1,2,1,2,1,5,3.01,5
5,4,3,4,262,3,6.5,2,4,0,5.5,1,3,6,0,3,1,5,5,5,6,0,0,4.94,5,5,1.01,1,3,5,0,4.51,4.98,1,4.98
6,1,6.5,5,263,6,6.5,4,5.5,5,2.5,5,2,4,1,4,0,7,3,5,2,2,5,5,5,1,5,0,2,5,1,5,5,5,5
4,4,5.5,3.5,264,4,3.5,5,5.5,1,6.5,4.83,6,3,0,1,1,5,6,1.2,4,0,3,3,2.99,1,4.61,1,2,2.99,5,2.97,1.14,1.15,1.18
4,4,7,7,265,6,6,6,7,0,7,4.83,6,6,1,6,0,7,1,1.1,0,0,6,1.12,1.11,0,4.86,1,1,1,0,1.09,4.85,4.88,1.08
5,3,5,2.5,266,6,4,3,7,4,4,4.86,4,2,1,2,0,5,5,4.9,5,0,6,4.97,4.92,4,4.95,0,2,4.92,5,5,1.05,1.05,5
4,2,4,5,267,3,3,3,5,5,3,4.78,3,6,1,5,0,7,4,3.74,4,3,5,4.8,3.79,3,4.45,0,1,4.78,6,4.74,3.97,4.01,4.83
6,4,6,3,268,5,4,3,7,0,7,4.79,6,4,0,0,1,7,1,1.18,6,0,6,3.05,3.11,1,4.82,1,1,1.15,6,1.17,4.81,4.78,1.17
2,3,7,5,269,6,3,1,7,0,7,3.94,6,6,0,0,0,7,4,5,4,0,6,4.09,2.07,0,4.05,0,2,3.85,4,4.02,5,2.66,4.97
4,0,4.5,4.5,270,4,4.5,0,4.5,4,4,4.93,4,4,2,0,2,6,1,2.97,3,3,4,4.87,3.92,3,4.83,5,7,1.12,3,1.18,3,3,3
6,4,7,5.5,271,6,5.5,7,5.5,3,5.5,5,6,6,1,0,1,5,0,1,3,3,6,1.08,1.09,0,5,0,2,1,3,1.01,5,5,1
0,0,4.5,3,272,2,1,7,6.5,1,6,3.01,5,2,0,0,2,2,5,5,4,1,6,5,5,1,3,0,1,5,6,5,1,1,5
3,0,6,2.5,273,5,5,7,5.5,4,4.5,3.61,5,2,0,0,2,2,5,4.85,5,1,4,1.15,1.27,1,3.48,0,2,4.88,1,4.86,1.86,1.85,4.72
5,3,6,6,274,5,4,3,6,1,6,4.99,5,5,0,0,0,5,6,4.97,1,1,5,5,5,1,5,0,1,1,5,1,5,5,5
2,0,4.5,2.5,275,4,2,2,7,1,6.5,4.98,6,2,0,3,4,3,5,5,6,0,5,1,1,2,5,1,1,5,6,5,1,1,4.18
6,3,6.5,6,276,6,7,1,6.5,0,7,3.57,6,5,1,2,0,5,4,4.27,1,0,5,3.94,2.69,1,4.46,1,1,4.05,0,3.94,4.53,2.09,4.45
4,4,4,4,277,1,3,1,7,1,6.5,4.89,6,5,0,0,1,7,6,1.1,5,0,6,4.86,4.79,1,4.78,1,1,1.08,6,1.55,4.61,4.76,5
2,2,6,4,278,6,3,0,5,0,6.5,5,5,4,0,0,2,7,5,2.01,4,2,4,2.96,2.26,2,5,0,2,3.87,4,5,2.97,2,1.7
5,2,6,3.5,279,5,4.5,3,7,0,7,4.65,6,2,0,1,0,7,5,2.06,3,0,6,4.17,1.85,1,4.81,0,2,3.97,4,4.41,4.53,4.17,1.95
5,0,6.5,6.5,280,6,5.5,3,4.5,6,2,3.93,2,6,0,2,3,3,5,3.65,1,4,5,5,5,1,4.55,0,1,5,2,5,2.21,2.33,3.04
4,4,7,7,281,6,4,3,7,0,7,5,6,6,0,0,0,7,6,1,0,0,6,1.06,1.06,0,5,0,2,3.01,4,3.04,5,5,1
1,4,6,6.5,282,5,1.5,1,7,0,6.5,4.58,5,6,0,1,0,5,1,1.03,1,0,6,1.04,1.05,1,4.71,1,2,3.01,6,3.01,1.91,1.77,1.08
6,0,5.5,6.5,283,6,7,3,7,5,2.5,5,2,6,0,1,0,5,6,1.04,1,0,6,5,5,3,4.95,0,2,1.05,0,1.01,5,4.94,1
5,1,6,5.5,284,5,4,3,7,0,6.5,4.75,5,6,0,1,1,7,4,4.74,3,0,6,4.88,4.81,1,4.81,1,1,1.52,5,3.02,4.83,4.75,4.81
5,3,3.5,4.5,285,3,3.5,3,6.5,5,3.5,3.65,4,5,0,0,3,3,4,1.37,4,0,5,4.04,2.81,4,4.14,0,1,1.19,6,1,3.56,2.2,1.96
2,4,5,4,286,4,3.5,5,4.5,2,5,2.35,4,4,1,0,0,4,4,1.05,4,3,4,2.55,1.93,2,3.23,1,1,1.97,3,2.08,2.51,1.74,1.17
3,4,6.5,5,287,6,4,1,7,0,7,1.79,6,5,0,7,1,7,4,1.25,3,0,6,1.12,1.29,1,3.7,0,2,1.22,3,1.42,4.71,4.77,1.25
4,2,6,3.5,288,5,5,1,5,4,4.5,4.46,5,4,0,0,1,7,4,2.75,5,1,3,1.6,1.5,1,4.49,1,2,1.59,2,1.56,4.32,4.41,2.63
5,4,7,1,289,6,5.5,3,5,2,3.5,1.08,1,0,2,0,3,5,6,1.17,6,4,6,4.95,4.95,0,1.02,0,1,4.96,2,4.97,2.99,2.39,1.01
5,4,5.5,4.5,290,5,4,3,7,1,6,5,5,4,0,0,1,5,4,1.78,3,0,6,5,5,2,5,0,1,1,5,1,5,4.99,1.93
6,4,7,7,291,6,4,5,7,0,7,4.96,6,6,1,0,0,4,1,1,0,0,6,5,4.94,0,5,1,1,5,6,5,5,5,1
5,4,3.5,5,292,3,3.5,0,4,2,4.5,5,3,6,0,2,3,3,6,1,4,6,6,1,1,4,5,0,1,1,6,1,2.98,2.99,1
4,0,6,5.5,293,5,5,3,6.5,1,6,4.56,5,5,1,0,2,5,3,1,2,0,5,4.47,4.48,1,4.96,0,2,1.01,2,1,4.94,5,1
2,3,6,6,294,5,2.5,5,6,1,6,3.54,5,5,0,1,0,5,4,3.01,1,1,5,1,1,1,3.58,0,2,4.88,5,4.94,5,4.79,3
5,1,6.5,4.5,295,6,5.5,1,5.5,4,4,3.63,4,5,0,0,0,5,4,1.48,4,1,4,1.04,1.83,1,3.37,0,1,1.62,2,1,4.01,4.59,1.63
5,3,6,3.5,296,5,6,1,7,5,4.5,5,6,3,1,0,0,7,1,5,4,0,6,1,1,1,5,1,2,1,1,1,5,5,5
5,3,6,5.5,297,5,6.5,2,4.5,0,4.5,3.97,1,4,0,2,1,5,3,1.03,1,4,5,4.87,1.34,1,4.79,0,1,3.55,0,2.98,3.01,1.82,1.13
6,1,6.5,6.5,298,6,6,1,6,2,6,4.48,6,6,0,0,0,5,5,1.43,1,1,5,3.87,4.34,1,4.62,0,1,1.6,2,2.33,4.27,4.47,1.08
5,0,5.5,7,299,6,6.5,3,6,5,3.5,3.21,4,6,0,0,3,5,5,4.93,0,2,6,3.72,3.87,3,3.77,0,1,4.95,0,4.99,4.99,3.54,4.29
2,3,3,3,300,2,2,1,4,4,4.5,4.6,5,2,0,0,2,3,4,1,4,4,4,1,1,4,5,1,1,5,6,5,3,2.55,1
4,4,4,5.5,301,4,4,3,6,1,6,5,5,4,0,0,1,5,4,1,1,1,5,1,1,4,4.96,0,1,1,4,1,5,5,1
5,3,5.5,6,302,5,5.5,1,6,1,6,4.66,5,5,0,1,0,5,1,1.55,1,1,5,3.85,4.17,2,4.54,0,2,1.29,2,1.14,4.52,4.3,4.51
5,4,7,5.5,303,6,5.5,3,6,3,4.5,4.93,4,5,1,0,0,7,6,4.93,2,0,4,4.84,4.94,0,4.77,0,1,4.94,2,1.06,4.76,4.94,4.83
4,4,5.5,6.5,304,5,5,3,6,2,5,4.78,4,6,0,0,1,5,4,4.79,1,1,5,4.8,4.75,2,4.77,0,2,1.17,2,1.18,4.79,4.78,4.8
4,1,6,5.5,305,5,4.5,1,5.5,1,6,3.88,5,5,0,1,0,5,4,3.96,2,2,5,2.35,2.82,1,3.77,1,2,2.99,3,2.97,3.67,3.58,3.83
6,3,7,6,306,6,5,6,4,1,4.5,4.55,2,5,0,0,0,5,4,3.03,1,4,4,3.22,4.78,0,4.88,0,2,2.12,4,3.07,2.37,1.58,2.24
5,4,6.5,5.5,307,6,4,3,6.5,1,6,5,5,5,0,0,3,5,4,1,2,1,6,2.97,4.99,1,5,0,1,4.81,5,4.09,5,5,1
6,4,6,4,308,5,4.5,1,6.5,1,7,4.84,6,5,0,0,0,7,0,1.13,2,1,5,1.17,1.07,1,4.91,1,2,1.07,5,1.03,4.81,4.84,1.89
3,3,4.5,4.5,309,6,3.5,5,3.5,4,4,4.4,4,4,1,2,4,5,4,4.26,3,5,4,2.79,4,5,3.09,1,1,4.15,4,3.32,3.42,3.98,3.32
3,3,6,2.5,310,5,5,3,4.5,4,3,4.27,2,2,0,0,3,7,4,4.6,5,4,5,4.24,4.22,1,4.75,0,1,1.04,1,1.4,4.31,3.82,3.57
1,4,4.5,6.5,311,5,2,7,4.5,2,5.5,5,5,6,0,0,0,5,4,4.97,1,1,2,1,1.03,4,5,1,2,5,5,5,1.82,1.7,5
4,2,5.5,3.5,312,5,6,3,6,6,4,4.52,6,5,2,2,0,5,4,3.74,6,1,5,4.09,1.77,2,5,0,2,1.46,0,1.49,2.42,4.12,3.39
5,4,5.5,2.5,313,5,4,7,3.5,3,5,4.34,5,3,0,3,3,2,4,1,6,6,5,5,5,2,4.01,0,1,1,5,1,5,5,1
5,3,6.5,7,314,5,6,1,7,0,7,5,6,6,0,2,0,7,5,5,0,0,6,4.97,5,0,5,0,2,5,1,5,5,5,5
2,4,3.5,3.5,315,3,3,1,3.5,3,4,4.13,3,3,1,3,0,5,1,4.59,4,4,3,1.19,1.3,4,4.4,1,3,4.43,4,4.65,3.95,4.11,4.39
4,2,6,5,316,5,3,2,6.5,5,4,4.95,5,6,0,1,1,7,4,4.1,4,0,5,1.07,1.01,1,4.98,0,1,1.05,6,1.16,4.6,4.49,3.99
0,3,6.5,4,317,5,1,7,4,3,3.5,2.99,2,3,0,0,3,7,6,3.95,3,3,3,4.96,4.95,0,3,1,2,2.97,6,2.98,5,5,3.95
6,2,5,6.5,318,5,4.5,1,7,0,6.5,4.68,5,6,0,0,1,7,6,1.13,1,0,6,1.07,1.17,3,4.15,1,2,1.14,5,1.16,1.21,1.16,1.15
2,0,7,5,319,6,2.5,2,5,1,6,4.71,5,4,0,0,0,7,5,5,2,2,4,1.03,1,0,4.49,0,1,5,5,5,1,1,5
2,4,6.5,6,320,6,2.5,3,4.5,4,4.5,3.23,5,4,0,2,0,5,0,1,0,4,5,1,1,1,2.68,0,1,1,5,1,3.46,2.17,1
5,1,4.5,5,321,5,4,1,5.5,0,6.5,5,5,6,0,1,2,5,6,5,4,1,4,5,5,4,5,0,1,5,5,4.97,5,1,5
5,3,6.5,6,322,5,4,3,6.5,0,6.5,3.93,5,5,0,1,0,5,5,1.15,1,0,5,4.69,4.83,0,3.73,0,2,1.15,5,2.13,4.84,4.9,1.14
5,4,7,6.5,323,6,6.5,0,4.5,0,6.5,4.78,5,6,0,4,3,5,6,4.76,1,3,4,1.23,1.15,0,4.84,0,1,1.18,0,1.14,4.82,4.76,4.82
4,1,5.5,4,324,4,4,3,6,1,6,4.16,5,4,0,0,0,5,4,1,4,1,5,3.17,4.19,1,4.1,1,2,3.23,4,3.24,4.95,5,1.02
5,4,4,4.5,325,6,4,3,4.5,5,4,1.73,5,6,1,0,0,5,4,1,5,5,6,4.8,1,6,4.04,0,1,1,5,1.08,4.81,5,1
5,0,6,2.5,326,6,6,3,3,4,4.5,3.22,5,1,0,4,0,7,5,5,4,4,2,1,1,2,4.59,1,2,5,1,5,1.83,2.07,5
5,3,6,4.5,327,5,4.5,3,7,0,6.5,4.17,5,2,0,0,3,5,4,1.62,1,0,6,1.35,1.7,1,4.33,0,1,1.57,4,1.17,4.42,4.32,1.52
5,2,7,6,328,6,3.5,7,7,0,6.5,4.38,5,5,2,1,0,7,6,4.12,1,0,6,3.01,1.9,0,3.98,1,2,1.1,6,1.01,4.1,4.68,2.1
4,2,3.5,3.5,329,4,3,1,4,4,5,4.29,6,4,1,0,1,5,4,4.52,5,5,5,4.17,4.43,5,1.81,0,1,1.38,6,1.7,1.76,1.47,4.37
5,2,5,3,330,4,3.5,7,5,0,6,5,4,3,0,0,1,5,6,4.07,5,3,5,3.9,4.04,2,4.97,0,2,1.1,6,1.09,4.9,4.96,1.85
4,4,7,4.5,331,6,6,3,7,3,5,4.03,5,5,0,3,0,5,1,1.01,4,0,6,1,1,0,5,0,1,1,0,1,5,3.87,1
6,1,6.5,6.5,332,5,4.5,2,7,0,4.5,4.89,1,5,1,1,0,5,5,1.13,0,0,6,4.57,4.73,0,4.91,0,2,4.57,5,3.92,4.77,4.75,1.09
4,2,4.5,3.5,333,6,5,3,4.5,4,4.5,3.78,5,4,1,1,3,3,5,1,5,4,5,4.09,3.85,5,3.64,0,1,5,2,5,3.74,3.8,1
4,0,4,6.5,334,4,3,1,3.5,0,6.5,5,5,5,0,0,3,5,5,3.02,0,4,3,4.3,4.78,4,4.95,0,2,1.27,6,1.52,4.95,5,3
5,2,5,4.5,335,4,4.5,5,4,3,3.5,3.74,2,5,1,2,1,4,1,1.7,4,4,4,3.21,3.62,2,4.24,0,1,3.98,4,4.58,3.93,3.58,1.36
0,1,5,5.5,336,5,1.5,3,6,0,6.5,5,5,5,0,0,1,7,4,1.05,2,0,4,4.94,5,3,4.81,1,1,1.03,5,1,5,5,1.07
1,1,4.5,3.5,337,4,1.5,2,4,5,3.5,3.99,4,2,0,0,3,2,5,5,3,2,2,4.39,3.01,3,3.74,0,1,5,6,5,2.97,1.01,5
4,4,5.5,7,338,6,3.5,1,7,0,7,5,6,6,0,3,0,7,0,1,0,0,6,2.46,1.85,3,5,0,2,1,5,1,1,1,1
5,2,7,6.5,339,6,6,1,6,0,7,4.81,6,6,0,3,0,5,4,1.17,1,1,5,1.19,1.19,0,4.75,0,2,1.17,1,1.18,4.78,3.97,1.17
6,4,6,7,340,5,5.5,1,7,1,6.5,5,6,6,1,0,0,5,1,1.03,0,0,6,4.96,5,1,5,0,1,5,3,5,5,5,5
3,4,4.5,3,341,3,3.5,1,4.5,2,5.5,4.16,5,3,0,1,4,7,6,4.64,5,3,4,3.85,4.01,2,3.99,1,1,3.97,4,3.86,3.9,4.02,4.93
2,2,5,6,342,4,2.5,3,4.5,3,5,2.44,5,5,0,1,3,2,4,3.04,1,3,4,3.02,2.7,2,2.19,0,1,2.03,5,1,2.68,2.49,3
5,3,6.5,6,343,5,4.5,1,7,1,6.5,4.79,6,5,0,0,1,5,4,4.78,1,0,6,1.18,1.14,0,4.72,1,3,4.76,4,2.98,4.76,4.75,4.79
5,0,5,4,344,4,4,5,5,2,6,4.45,6,4,6,0,0,0,4,1.43,4,4,6,4.23,4.31,2,4.67,3,1,3.28,5,1.96,3.97,3.86,1.15
6,4,7,7,345,6,7,1,7,0,7,4.78,6,6,1,0,0,7,1,1.15,0,0,6,4.8,4.78,0,4.75,0,2,1.23,0,1.13,4.83,4.76,1.14
1,3,5.5,6,346,4,2,2,5,1,5.5,4.81,4,5,0,0,1,5,1,3.79,1,3,5,3.02,3.01,1,4.64,0,1,4.73,5,4.76,1.2,1.15,3.59
5,3,6,5.5,347,4,5,1,6.5,0,6.5,4.34,5,4,0,1,3,5,4,4.06,1,0,5,2.02,2.18,0,4.31,0,1,1.17,3,1.19,4.08,4.5,3.97
6,4,5,7,348,6,4,5,7,0,5.5,4.88,0,6,0,0,0,5,4,1.05,0,0,6,4.9,4.79,6,4.95,0,1,1.33,6,1.5,1.39,1.29,1.06
4,2,7,6,349,6,6,1,6,1,5.5,5,4,5,0,5,4,7,6,1,1,0,4,1,1,0,5,1,1,1,0,1,5,5,1
6,3,7,3.5,350,6,6.5,0,7,0,7,4.73,6,4,0,1,0,5,5,1.78,5,0,6,4.25,4,0,4.22,1,1,4.32,1,3.86,4.12,4.4,3.01
2,2,4,5.5,351,2,2.5,1,6,1,6,3.85,5,5,0,0,0,5,4,1.82,2,1,5,3.95,3.42,2,3.73,0,1,2.18,5,1.9,3.75,3.53,2.2
5,2,5,5,352,5,4.5,3,4.5,2,5.5,4.46,5,4,1,2,3,2,6,1.57,2,3,4,1.02,1.38,3,4.41,0,1,1.29,4,1.2,4.62,4.43,1.62
5,4,4.5,2.5,353,3,4.5,3,7,5,3,3.78,3,3,0,1,2,2,4,3.01,6,0,6,4.93,2.99,2,3.96,1,2,1.04,4,1,4.81,3.87,3.02
4,3,5.5,5,354,5,4,7,6,4,4,3.54,4,4,0,0,0,8,6,4.06,2,1,5,1.39,1.28,2,3.63,0,3,1.25,4,1.27,4.97,4.76,4.75
4,2,5,4,355,5,4,1,2.5,4,3,3.87,2,3,1,3,1,5,6,3.67,3,4,1,3.79,3.58,3,4.11,1,1,3.7,4,4,2.66,2.83,3.47
4,3,5,6.5,356,5,3.5,1,7,1,6.5,4.11,6,6,1,4,0,5,1,2.18,1,0,6,5,5,3,4.48,0,1,2.01,5,1.98,5,4.45,2.31
1,1,4,4,357,1,4,1,4,5,2,4.97,1,1,1,2,0,7,4,4.84,1,1,1,1.16,1.17,1,4.8,0,1,1.17,1,1.13,4.84,4.77,4.83
2,0,4.5,4,358,3,3,3,3.5,6,3.5,2.96,5,4,0,4,3,3,5,5,4,5,4,5,4.77,2,2.96,0,1,4.91,4,5,1,1,5
5,4,7,7,359,6,6.5,3,7,0,7,4.38,6,6,1,0,1,7,6,4.94,0,0,6,1.38,1.02,0,4.97,1,3,3.02,0,4.38,4.97,3.43,4.97
5,4,6.5,6.5,360,6,6,1,4,4,4.5,5,5,5,1,1,1,7,1,1,0,4,4,1.11,1,1,5,0,2,3.85,1,3.76,4.9,4.95,1
4,2,4.5,5.5,361,5,4,5,6,4,3,4.6,2,5,0,0,1,5,6,1,2,1,5,1.98,1,4,4.05,0,1,1,4,1,4.77,4.6,1
6,2,6.5,5.5,362,6,5.5,6,5.5,3,5.5,4.78,6,4,1,3,3,3,5,4.75,1,0,3,1.19,1.21,1,4.74,0,1,2.99,3,2.99,4.76,4.79,4.76
5,1,6,7,363,5,6,4,3,3,5.5,4.28,6,6,0,1,4,2,5,4.12,0,4,2,1.06,1.11,1,4.96,0,2,2.66,1,2.18,2.67,3.81,3.4
6,0,7,7,364,6,7,3,7,0,7,5,6,6,0,3,0,5,6,5,0,0,6,5,5,0,5,0,2,4.99,0,5,5,5,5
3,3,6,2.5,365,6,2.5,3,4,0,7,2.97,6,3,0,2,3,5,4,4.12,6,6,6,1.02,1.05,2,4.97,0,1,1.02,6,1,5,4.97,4.99
4,3,6,4,366,5,4,3,5.5,1,4,4.99,1,0,0,0,0,7,4,3.02,2,6,5,3.99,3.44,4,5,0,2,2.99,3,2.99,5,5,3
5,3,7,4,367,6,3.5,3,3,1,6,4.97,5,5,1,1,2,7,4,4.75,5,6,4,1.04,1.02,0,5,0,1,1.16,6,1.04,3.01,2.68,4.95
4,2,5,5.5,368,5,5.5,3,6,2,6,1.96,6,5,1,2,1,3,4,1.91,2,1,5,2.09,1.81,3,2.99,0,2,2.11,1,2.13,3.92,4.13,2.04
6,1,7,4.5,369,6,5,3,7,5,4.5,5,6,5,0,0,3,5,5,5,4,0,6,5,5,0,5,0,1,1,4,1,5,5,5
6,4,4,4.5,370,5,6.5,1,5,4,4.5,4.63,5,5,0,0,3,7,6,4.59,4,2,4,4.55,4.75,5,4.42,0,1,4.59,1,4.45,4.16,4.6,4.36
3,4,6,5.5,371,6,3,3,6,0,7,4.86,6,4,1,1,1,3,4,1.16,1,1,5,1.22,1.24,2,4.84,0,2,4.75,5,4.31,4.78,4.8,1.18
6,1,6.5,4,372,6,4.5,0,4.5,3,5,3.8,5,4,2,4,0,5,0,2.31,4,1,2,2.8,3.64,1,3.89,0,1,1.06,5,1.12,5,5,2.77
5,0,6,6.5,373,5,3.5,1,6.5,0,5.5,1.69,3,6,0,0,0,4,5,4.32,1,1,6,1.39,1.61,1,1.97,0,2,4.42,6,4.33,3.01,4.19,4.12
2,4,5,3.5,374,3,2,3,6.5,5,3.5,4.64,4,4,0,0,2,7,4,3.82,5,0,5,2.99,2.36,1,4.31,1,1,1.74,6,2.17,4.82,4.85,3.4
4,2,5,2.5,375,5,3,7,4.5,3,5.5,4.28,6,2,0,7,2,5,5,1,5,4,5,1,1,3,4.18,1,1,1.47,6,1.68,3.66,3.4,1.18
3,2,4,4,376,4,3.5,3,3.5,3,4.5,3.61,4,3,1,5,4,5,4,3.56,3,4,3,3.47,3.54,4,3.75,1,2,3.66,4,3.75,3.54,3.52,3.6
5,3,4,2,377,5,6,2,6,2,5.5,4.78,5,1,0,1,1,5,4,1.26,5,1,5,4.79,4.69,5,4.78,1,1,1.27,1,1.19,4.76,4.83,1.2
5,3,4,4.5,378,5,4,3,5,5,4.5,3.31,6,5,2,1,2,5,1,3.91,4,3,5,2.67,3.86,5,3.57,0,2,2.47,5,1.25,1.86,2.63,2.37
5,4,4.5,3,379,6,4.5,5,4,4,4.5,3.7,5,3,2,1,3,5,1,1.42,5,4,4,4,4.13,5,3.34,0,1,3.94,4,3.44,2.67,2.09,1.73
6,4,7,7,380,6,7,1,7,0,7,5,6,6,0,0,2,5,4,1,0,0,6,4.98,5,0,5,1,2,1,0,1.03,5,5,1
1,3,5,3.5,381,4,4,3,4.5,0,7,5,6,4,0,0,0,7,4,3.22,5,4,5,1.8,1.66,2,4.78,1,2,1.4,1,1.75,4.78,4.17,3
4,1,5.5,5,382,5,5,3,7,1,6,4.87,5,5,0,0,3,3,5,1.2,3,0,6,4.09,4.44,2,4.84,0,1,1.19,2,1.25,4.77,4.76,1.02
4,3,4.5,4.5,383,3,5,1,2.5,5,3.5,4.49,4,4,1,1,5,2,6,1.31,3,5,2,3.42,4.11,2,4.15,0,3,2.65,2,2.12,4.32,4.26,1.88
5,3,6,4,384,5,5.5,3,5.5,4,4,4.56,4,4,0,0,2,7,5,4.58,4,2,5,1.42,1.44,1,4.82,1,2,4.68,2,4.83,2.99,3.08,5
4,3,5,5,385,5,4.5,1,5,4,4,4,4,5,2,0,3,4,4,4.2,3,2,4,2.35,2.38,3,3.58,0,1,1,3,1,4.22,3.93,3.87
6,3,7,5.5,386,6,5,1,5,0,5,4.99,2,4,0,5,0,2,2,1.6,1,4,6,3.45,2.1,0,4.45,1,1,1.49,4,2.74,3.19,3.88,1.98
5,1,6.5,3,387,6,4.5,4,5,2,5.5,4.69,5,3,1,1,0,5,5,1.23,5,2,4,1.47,1.19,1,4.69,1,1,4.72,4,4.53,3.41,3.46,1.3
5,4,7,7,388,6,4.5,3,7,1,6.5,4.88,6,6,1,3,4,7,4,1.27,0,0,6,4.5,4.53,0,4.87,1,2,1.67,4,3.88,4.27,4.76,1.64
4,3,6.5,5.5,389,5,4,3,6,2,5,5,4,4,0,0,2,5,6,1,1,1,5,1,1,0,5,0,1,4.21,4,4.13,1.97,2.06,1
1,3,3,2.5,390,2,2,2,6.5,0,6.5,4.64,5,2,1,2,0,5,4,1.83,5,1,6,4.8,4.45,4,4.79,0,2,1.2,5,1.57,2.38,1.84,1.87
3,4,5,4.5,391,3,3.5,7,5.5,0,7,1,6,1,0,0,1,5,4,3.01,3,1,5,5,5,1,4.02,0,1,1,1,1,1.99,1,2.99
1,1,5.5,3,392,5,2.5,2,6,3,4,4.98,3,2,0,4,0,8,5,5,4,1,5,3.03,3.01,2,5,0,2,5,4,5,4.94,5,5
5,3,6.5,3.5,393,5,4,4,6.5,5,3,4.51,3,5,2,1,0,5,4,4.19,6,1,6,3.92,4.34,0,4.11,0,1,4.31,5,4.09,3.98,4.18,4.15
5,0,6,3.5,394,4,4,1,7,4,4.5,5,5,5,0,0,5,3,5,5,6,0,6,5,5,0,5,1,3,5,5,5,5,5,5
3,1,3,3,395,3,4.5,2,3.5,2,4.5,4.16,3,2,0,1,1,8,5,4.64,4,4,3,4.38,4.5,5,4.7,0,1,1.82,2,1.74,1.94,1.73,4.56
6,4,4.5,3,396,6,7,3,7,0,6,5,4,2,0,2,0,7,6,1,4,0,6,1,1,5,5,0,2,1.4,0,1.56,4.97,5,1
4,1,6,6,397,5,5.5,1,6,0,6.5,2.97,5,5,0,1,3,5,5,1.43,1,1,5,1.93,2.35,1,4.15,0,1,4.21,1,3.94,4.41,2.99,1.55
5,4,6.5,5.5,398,6,4.5,3,7,4,4.5,4.55,5,5,0,0,3,3,4,1.24,2,0,6,4.33,4.79,1,5,0,1,1.5,4,1.83,4.38,4.76,2.34
5,2,6.5,6,399,6,3.5,6,4,1,6.5,4.88,6,5,1,0,1,7,1,3.35,1,4,4,4.53,1.86,1,4.94,0,1,3.65,6,3.16,4.91,4.84,3.06
4,3,4.5,4,400,5,4.5,5,4,3,3.5,4.69,2,2,6,1,0,0,1,2.97,2,5,5,3.35,4.78,4,4.01,3,0,1.21,3,1,2.97,3.18,3.06
4,3,6,5.5,401,5,4,3,6,3,4.5,3.96,4,5,0,1,3,3,5,3.76,2,1,5,3.73,3.74,1,3.97,0,1,3.33,4,3.71,3.75,4.03,1.93
4,4,5.5,6,402,5,4,3,6.5,0,6.5,4.84,5,6,0,0,3,3,4,1.01,2,0,5,4.28,4.97,2,4.08,1,1,1.04,4,1.65,4.27,4.91,1.64
5,3,6,6.5,403,4,5.5,3,7,0,6.5,4.73,5,6,0,0,5,5,6,1.16,1,0,6,1.16,1.18,0,4.77,0,3,1.15,2,1.15,4.76,4.71,4.73
6,3,7,7,404,6,5,3,7,1,6.5,5,6,6,0,1,0,5,5,3.72,0,0,6,1,1,0,5,0,1,5,4,4.99,5,5,5
5,3,3,3,405,3,6,3,5.5,0,7,3,6,3,0,1,1,5,4,4.96,5,1,4,1.02,1,5,3.01,1,1,1.05,1,1,4.97,3.02,4.97
6,4,7,7,406,6,7,1,7,0,7,5,6,6,0,0,4,7,4,1,0,0,6,4.97,5,0,5,1,2,1,0,1,5,5,1.03
5,4,6.5,7,407,5,3.5,1,7,0,6.5,4.92,5,6,1,4,1,5,4,1.37,0,0,6,4.17,5,0,5,1,1,1.74,6,3.36,4.39,2.24,1
6,4,5.5,7,408,6,4.5,3,6,4,5,4.91,6,6,2,0,1,5,4,1.1,0,0,4,4.41,4.73,3,4.9,0,1,1.02,5,1.05,4.89,4.53,1.37
5,3,6,6.5,409,5,6,1,7,0,7,4.96,6,6,1,2,0,7,4,1.06,1,0,6,5,5,1,5,0,2,1.02,1,1,5,4.95,1.03
1,1,6,4,410,4,1.5,3,5,1,4.5,3.12,2,4,0,3,3,2,5,5,4,4,6,5,5,0,3.25,1,1,5,6,5,1,2.71,5
4,3,6,5.5,411,5,5,5,4.5,1,5.5,4.04,4,5,0,0,0,5,4,3.8,2,3,4,4.03,3.99,1,4.24,0,1,1.74,2,1.2,4.81,4.26,4
3,1,5.5,6,412,5,2.5,1,4,5,4,4.81,5,6,0,0,2,5,6,2.53,2,6,6,1.99,1.98,2,3.98,0,1,3.47,6,3.61,2.19,2.4,2.79
5,3,5,5,413,6,4.5,1,5.5,3,4.5,4.28,4,4,2,0,1,7,4,2.42,2,2,5,3.41,2.72,4,3.86,0,2,2.19,4,2.16,2.52,3.24,2.51
5,3,6,5,414,6,5.5,1,6.5,5,4,3.01,5,5,2,2,0,5,1,1.2,3,1,6,4.78,4.76,2,4.76,0,1,2.96,2,2.98,4.79,4.79,1.11
4,0,6,3.5,415,5,4.5,1,5.5,2,5.5,4.99,5,3,0,0,0,5,6,4,4,2,5,3.95,3.02,1,4.78,0,3,1.97,3,2.04,4.04,4,3.99
5,3,7,4,416,6,4.5,3,6.5,1,6,4.19,5,4,1,4,0,4,4,4.41,4,1,6,4.74,4.01,0,4.77,0,3,3.51,4,1.91,4.34,4.58,4.51
4,0,7,6,417,6,5,1,7,2,6,4.98,6,5,0,3,1,5,5,4.98,1,0,6,4.98,4.99,0,4.98,1,3,4.98,2,4.97,4.98,4.98,4.98
5,2,5.5,4,418,5,4,3,6,4,4.5,5,5,4,0,0,0,5,5,5,4,1,5,5,5,2,5,0,1,3,5,2.99,5,1,1
1,3,3.5,4.5,419,2,1.5,3,7,0,6.5,4.83,5,5,0,0,0,5,3,1.21,4,0,6,1.17,1.18,3,4.83,0,1,4.79,6,3.01,4.79,1.17,1.18
6,1,6.5,7,420,5,7,3,5,0,7,4.33,6,6,1,1,0,4,1,1.7,0,4,6,4.4,4.66,0,3.93,0,1,1.07,0,1.08,4.94,4.67,3
4,1,4.5,5,421,4,4,1,4.5,3,4.5,4.22,4,4,2,2,0,5,4,2.3,2,3,4,3.28,3.46,3,3.42,1,1,3.92,4,2.53,3.5,3.72,2.39
4,1,6,6,422,6,3.5,5,6.5,2,3.5,3.27,1,6,4,5,2,0,4,5,2,0,5,4.39,4.02,2,3.7,0,2,3.72,5,1.55,4.56,2.05,2.84
1,2,6.5,6,423,5,2.5,2,5,5,2,5,1,5,0,0,0,3,5,5,1,3,5,5,5,0,4.8,0,1,5,4,5,4,2.13,5
4,0,7,6.5,424,6,4,7,4.5,2,6,4.33,6,5,0,3,0,5,5,4.92,0,4,5,4.17,3.99,0,4.61,0,2,4.95,4,5,3.84,2.82,4.97
6,4,7,7,425,6,7,5,7,0,7,3.87,6,6,1,0,1,5,4,2.09,0,0,6,3.91,3.73,1,3.87,1,2,2.06,1,1.97,3.58,3.74,1.92
5,4,7,4.5,426,6,6.5,1,4.5,1,6.5,5,6,1,0,3,0,5,1,5,0,5,6,1.06,1,0,5,0,1,1,0,1.01,3.06,1,1
6,2,4,2.5,427,6,5,7,5.5,4,3.5,4.76,3,3,1,1,0,2,1,4.74,6,3,6,1.42,1.26,6,4.63,0,3,1,4,1,3.85,4.67,4.32
5,3,5.5,4.5,428,5,4.5,7,4,2,5.5,4.84,5,3,1,0,1,5,4,4.82,2,5,5,3.02,4.82,2,4.78,1,2,4.8,4,4.81,4.79,4.85,4.85
0,1,3,2.5,429,3,1,1,3,1,6,3.9,5,3,0,0,1,4,4,4.08,6,6,4,2.15,2.02,5,3.99,0,3,2.13,6,2.11,2.05,3.89,4.01
6,0,5.5,5.5,430,5,6.5,2,7,3,4,4.96,3,4,0,0,0,4,1,1.06,1,0,6,4.97,4.95,2,4.96,1,2,1.07,1,1.03,4.95,4.99,4.97
2,3,5.5,4,431,4,2.5,3,6,4,4.5,3.84,5,4,0,1,1,5,5,3.74,4,1,5,1.71,1.6,1,4,1,2,4.23,5,4.19,4.22,4.23,3.36
4,0,5,4.5,432,5,4,1,4.5,4,4,4.49,4,4,0,1,0,4,6,2.2,3,3,4,3.75,3.88,3,4.66,0,2,3.71,4,2.69,4.23,3.81,1.9
6,4,6,4,433,5,4.5,1,6.5,0,7,4.95,6,5,0,0,0,7,0,1.74,5,0,5,1.12,1.15,1,4.68,1,2,1.17,5,1.14,4.7,4.48,1.14
4,0,4,4,434,4,5,3,3.5,2,5,4.26,4,2,1,2,1,7,6,1.85,2,4,3,4.9,4.89,4,3.67,0,1,4.9,2,4.97,3,3.78,1.51
5,0,6,5,435,5,5.5,3,5,1,4.5,4.93,2,4,0,5,0,7,4,1.85,2,2,4,3.02,4.14,1,4.97,0,1,4.36,2,4.9,4.96,4.83,4.13
3,0,6,2.5,436,5,4,7,6,5,4,4.7,5,2,0,2,0,7,1,4.54,5,1,5,1,1.07,1,4.5,1,3,1.04,3,1,4.99,4.07,4.51
6,4,7,7,437,6,7,3,7,0,7,4.94,6,6,0,0,0,5,0,1.03,0,0,6,1.02,1.05,0,5,0,1,1.04,0,1.03,4.53,2.33,1.04
6,4,1,4,438,0,4,1,4,0,4,4.81,0,0,0,1,0,8,1,1.2,0,6,6,4.75,4.78,6,4.87,0,2,1.15,6,1.18,4.79,4.78,1.08
6,3,5,4,439,2,4,3,6.5,5,4.5,4.84,6,6,0,1,4,5,6,4.8,6,0,5,1.15,1.15,0,4.86,1,1,3.84,6,3.84,2.98,3.02,4.89
4,2,6.5,1.5,440,6,4,3,6.5,5,3.5,5,4,1,0,1,0,7,4,5,6,1,6,5,5,1,5,1,2,5,4,5,5,5,4.99
3,2,4.5,4,441,4,3,7,4,3,4.5,4.87,4,4,0,0,3,7,4,3.08,4,4,4,4.7,4.43,3,3.98,0,1,4.02,5,4.3,4.33,3.97,3.03
0,0,4.5,6,442,3,1,1,5,0,6,2.88,4,5,0,2,1,3,5,4.98,1,3,5,4.96,4.96,2,4.13,1,2,4.96,6,4.96,3.52,3.62,4.99
4,2,5,5.5,443,4,4.5,1,5,2,5,3.97,4,4,2,5,3,3,1,2.17,1,2,4,3.94,3.95,2,3.89,0,1,2.35,3,2.17,3.81,3.62,2.18
4,1,5,4.5,444,4,5,7,4.5,5,3,4.23,3,4,0,1,3,7,5,5,3,2,3,1,1,2,4.43,0,1,5,2,5,1.89,1,1
6,2,5.5,5,445,6,4.5,3,5.5,3,5.5,5,6,6,1,2,0,5,6,1,4,3,6,2.62,4.53,3,4.94,0,1,4.99,5,3.92,2.71,4.36,1
4,3,6,4.5,446,5,4,1,5.5,3,5,4.86,5,4,1,0,0,7,4,1.22,3,1,4,1.14,1.17,1,4.79,1,2,1.12,4,3,2.99,3.01,1.15
6,3,5,3,447,4,7,1,6,0,7,3.41,6,3,0,0,4,5,4,1.7,5,1,5,3.31,2,2,4.14,1,2,1.48,0,1.6,2.78,2.48,1.78
4,4,4.5,2.5,448,3,4.5,7,1.5,0,5,5,2,1,0,0,1,7,5,1.47,4,6,1,1,1,2,4.8,1,2,5,3,5,4.27,4.66,2.15
3,4,6,5,449,4,4,3,5.5,2,4.5,3.02,3,5,0,1,1,2,6,3.03,3,3,6,1,1,0,2.98,0,1,5,3,5,3.42,2.97,2.99
4,3,4.5,5,450,5,3.5,3,5,2,5,3.51,4,4,0,1,1,7,4,3.44,2,2,4,3.45,3.52,4,3.37,0,2,2.32,5,2.12,3.08,3.41,3.16
2,2,4.5,4.5,451,5,5,2,4.5,4,4.5,3.88,5,4,2,2,0,5,5,1.02,3,4,5,2.57,1.88,4,3.41,1,1,2.98,0,3,4.35,3.41,1.04
4,1,6,5,452,5,4,3,6,2,5.5,4.27,5,4,0,0,1,4,4,1.73,2,1,5,4.1,4.05,1,4.41,0,2,1.8,4,1.6,4.06,4.08,1.7
4,1,4,4,453,4,3,7,3,4,4.5,4.8,5,4,0,0,2,5,6,4.79,4,4,2,1.02,1.1,4,4.7,1,1,2.98,6,2.99,1.1,1.13,4.77
3,2,4.5,3.5,454,6,3.5,4,6.5,3,4,4.87,3,4,2,3,0,7,3,1.26,5,1,6,3.65,2.26,5,4.59,0,2,4.5,4,3.93,1.91,2.01,1.24
6,3,6.5,4.5,455,6,4.5,5,6.5,0,6,4.98,4,3,6,1,0,2,3,4.11,2,1,6,4.84,5,1,5,3,0,4.95,5,4.47,5,5,4.11
4,0,4,3.5,456,6,3.5,2,2,5,2.5,5,2,2,0,0,0,3,5,5,3,5,1,2.1,1.51,6,4.94,1,1,5,5,5,2.98,3.39,5
5,2,6.5,5,457,5,4,5,6,1,6,1,5,5,1,0,1,7,4,5,3,1,5,5,5,0,1,0,2,1,5,1,4.86,5,5
4,2,6,4,458,5,6,7,6.5,5,3,1.87,3,4,4,0,0,7,4,3.82,4,0,5,2.61,2.19,1,1.95,1,2,3.54,0,3.48,3.36,3.95,3.59
5,4,6.5,5.5,459,6,4.5,7,6.5,1,6,4.53,5,5,0,0,5,5,4,3.07,2,0,5,4.56,4.57,1,4.64,0,4,3.03,4,3.07,4.64,4.54,3.07
5,1,6,7,460,5,4,1,6.5,1,6,3.57,5,6,1,1,3,3,5,2.25,0,0,5,4.68,4.79,1,4.39,1,1,4.29,5,4.71,4.35,4.3,1.79
4,2,5,3.5,461,4,3.5,5,3.5,5,2,4.32,1,4,1,1,1,3,6,1.92,5,5,4,4.1,4,2,4.2,0,1,4.17,5,4.12,2.13,2.02,1.85
5,0,5.5,6.5,462,5,3.5,7,4,4,4.5,2.13,5,6,0,3,3,5,5,4.79,1,4,4,4.99,2.32,2,3.47,0,1,4.94,6,4.98,1.24,1.03,4.94
5,4,6.5,6,463,5,6,7,6.5,1,6,5,5,5,0,2,0,5,4,1.28,1,1,6,4.5,4.68,0,4.62,1,2,1.54,1,3,4.13,4.32,1.88
4,4,5.5,3.5,464,4,3,1,7,1,6.5,4.3,6,3,0,0,4,7,4,2.39,4,0,6,3.78,3.27,1,4.03,1,2,1.16,6,1.08,4.74,4.61,3.79
5,3,6.5,3,465,5,6,1,4,5,3,4.49,3,2,0,1,0,7,4,3.34,4,2,2,2.01,1.99,0,4.75,0,2,2.39,1,2.43,4.7,1.62,3.24
5,3,6,6.5,466,5,7,3,7,0,7,5,6,5,1,0,0,5,4,1,0,0,6,1,1.31,0,5,0,1,1,0,1,5,5,1
6,0,7,7,467,6,7,3,7,0,7,5,6,6,0,2,0,5,5,5,0,0,6,5,5,0,5,0,2,1,0,1,5,5,5
2,0,3.5,4.5,468,2,3,3,4.5,4,3,5,2,3,0,0,3,5,6,5,2,3,4,1,1,3,5,0,1,1,4,1,3.03,2.99,5
1,4,2.5,6,469,2,1.5,5,6,0,7,4.06,6,5,0,0,4,3,0,1.07,1,1,5,4.54,4.86,5,4.37,1,2,1.03,6,1.01,4.92,4.47,1.08
3,2,6.5,5.5,470,5,3.5,5,6,2,4.5,4.69,3,4,1,1,0,7,6,4.43,1,0,4,3.72,2.48,0,4.68,0,2,2.18,4,2.34,4.56,4.65,4.71
4,4,6.5,7,471,5,3.5,7,5,1,6,4.87,5,6,0,4,4,7,6,2.43,0,0,2,2.99,3.04,0,4.49,1,2,3.24,5,3.45,2.21,2.41,1.69
2,4,6,3.5,472,5,2.5,1,6.5,2,5.5,4.07,5,4,1,0,4,5,4,2.28,5,0,5,2.56,3.39,1,3.75,1,2,2.5,5,1.88,3.34,2.51,2.34
4,3,5.5,3,473,5,3.5,7,5,1,4.5,4.96,5,1,0,0,1,5,4,1.02,4,1,5,4.99,4.25,1,5,1,1,1.14,4,2.83,5,4.88,1
5,3,3.5,4.5,474,4,4.5,3,4,1,4,3.48,1,2,0,0,0,5,1,2.79,1,5,5,3.58,3.29,5,3.5,0,1,2.4,4,2.24,3.94,3.65,2.23
4,2,4,3,475,6,3,7,4.5,4,5,4.99,6,2,0,2,0,7,4,5,4,5,6,5,5,6,5,0,2,2.52,6,3.05,4.04,3.98,5
4,4,5,6,476,5,3.5,3,6.5,0,7,4.95,6,6,0,0,4,3,4,1.04,2,0,5,4.98,4.97,3,4.94,1,2,1.05,5,1.03,4.95,4.99,1.07
1,3,5,5.5,477,6,3,3,4,2,5.5,3.68,5,3,1,0,1,5,6,2.43,0,4,4,3.61,3.85,4,3.85,0,1,2.3,3,2.5,2.29,3.86,2.62
6,4,7,7,478,6,7,1,7,0,7,4.95,6,6,0,1,1,5,6,4.98,0,0,6,4.98,4.98,0,4.96,0,1,1.04,0,1.04,4.96,4.94,4.96
3,4,7,7,479,6,5.5,6,7,0,7,5,6,6,1,6,0,7,1,1,0,0,6,1.74,1.01,0,4.5,1,1,1,0,1.53,1.22,5,1.1
4,4,5.5,5,480,4,5,1,4,5,3.5,3.53,4,5,2,1,0,4,1,3.44,3,4,4,3.61,3.8,1,3.74,0,2,3.51,2,3.57,3.01,2.85,2.32
5,4,6,3,481,4,4,2,7,3,5.5,4.99,6,4,0,0,1,5,6,1.17,6,0,6,4.96,4.96,0,5,1,2,4.18,5,4.96,4.69,4.66,1.19
3,1,4.5,2,482,4,3,3,4.5,4,4,3.24,4,1,0,1,3,4,4,5,5,1,2,1.68,1,3,3.01,1,1,5,5,5,3,3.02,4.94
6,4,6.5,5.5,483,6,5.5,3,6.5,0,6.5,4.73,5,5,0,0,2,4,6,3.04,2,0,5,4.87,4.79,1,4.82,0,1,3,3,3.01,4.78,4.8,2.99
4,3,5,6.5,484,6,4.5,3,7,4,5,5,6,5,0,0,4,7,1,4.28,0,0,6,5,4.61,4,5,1,2,3,3,2.99,5,5,2.99
6,4,7,7,485,6,7,1,7,0,7,3.87,6,6,1,0,1,5,4,3.73,0,0,6,4.09,4.24,0,4.13,0,3,2.12,0,1.89,4.32,2.23,1.72
3,4,5.5,4,486,5,3.5,3,4.5,3,5,4.96,5,4,1,1,0,5,6,1,4,4,5,4.97,5,2,5,0,1,1,4,1,3,2.98,1
5,4,7,1.5,487,6,6,1,6,1,6.5,5,6,1,1,0,0,5,1,1,6,1,5,5,5,0,5,0,1,1,1,1,1,1,1
4,2,6,4.5,488,5,3,5,6.5,1,6,5,5,5,2,0,0,5,4,1,4,0,5,1,1,1,5,0,1,1,6,1.01,5,5,1
1,0,4.5,4,489,3,2,7,6,4,3.5,5,3,3,0,1,0,5,5,4.03,3,1,5,1,1,2,5,0,2,5,5,5,5,5,2.98
5,4,7,4,490,6,3.5,7,4,3,5.5,4.98,6,4,0,4,0,5,5,2.99,4,4,4,5,5,0,5,0,1,1,6,1.12,2.99,2.97,2.99
4,3,5.5,3,491,4,3.5,1,5,4,4.5,4.84,5,2,0,0,1,5,4,1.59,4,2,4,4.4,4.5,1,4.89,1,1,1.39,5,2.61,4.95,4.72,1.06
4,2,5,4,492,5,3.5,1,6,4,4.5,4.86,5,4,1,0,1,5,4,1.19,4,2,6,4.83,1.71,3,4.35,0,2,1.2,5,1.19,4.86,4.81,1.18
5,1,6.5,6.5,493,6,6,3,7,1,6,3.76,5,6,6,1,1,0,3,3.73,1,0,6,3.77,3.91,1,3.93,3,1,1,1,1,3.58,3.82,3.7
6,4,5.5,3.5,494,5,6,1,5.5,2,5.5,4.97,5,3,1,1,0,7,4,2.99,4,2,5,4.94,5,2,5,0,2,1.04,2,1,5,4.97,2.98
5,3,6,6,495,5,4,3,6,1,6,4.74,5,5,0,1,4,7,6,1.24,1,1,5,1.15,1.16,1,4.78,1,2,1.16,5,1.19,4.77,4.77,1.16
1,2,5.5,4,496,5,3,7,6,5,2.5,5,2,4,1,2,1,8,0,4.24,4,0,4,1.01,1,2,4.97,0,1,5,3,5,2.58,3.3,3.8
6,4,4.5,4,497,6,4,3,2.5,6,3,5,4,3,1,0,3,5,4,5,3,6,3,1,1,5,4.97,0,1,5,6,5,5,5,5
5,4,6.5,6.5,498,5,6,7,6.5,2,6,3.99,5,5,0,0,2,7,0,1.99,2,2,5,3.74,3.87,2,3.85,0,1,2.08,2,2.37,3.82,3.95,2.23
2,0,5,1.5,499,5,3,3,5.5,5,2,5,1,1,0,0,3,7,4,2.98,6,2,5,4.17,3.91,3,5,1,1,5,4,5,3.52,3.19,3.01
4,4,6.5,5.5,500,6,5,7,6,2,5.5,5,5,6,2,1,1,4,1,1,3,1,5,2.65,1,1,5,0,1,1,2,1.27,3,1.8,1
5,4,6,5.5,501,5,4,3,6.5,1,6,3.94,5,5,2,4,0,7,6,1.05,2,0,5,1.14,1.1,1,4.08,0,2,1.05,5,1.15,4.89,4.96,1.05
4,3,4.5,3,502,5,3.5,3,6,1,6,4.44,5,3,0,0,1,7,6,1.43,5,1,5,3.67,4.05,4,4.34,1,1,1.73,5,1.73,3.82,4.16,1.4
5,3,5.5,3,503,5,6,3,4,1,5.5,4.63,4,2,0,1,0,5,5,1.63,4,4,4,4.48,4.23,2,4.23,0,1,4.41,1,4.69,4.2,4.32,1.25
0,0,6.5,1.5,504,5,1,1,4,4,3,3.9,2,1,0,1,1,5,5,4.99,6,4,4,3.8,3.91,0,3.7,1,1,4.97,6,4.78,3.27,3.4,5
5,3,7,6.5,505,6,4.5,3,5,3,4.5,5,4,6,0,0,0,3,5,5,1,4,6,5,5,0,5,0,1,5,4,5,5,5,5
5,3,6,6,506,5,4,3,6.5,4,4.5,4.73,5,5,1,0,0,4,6,1,1,1,6,4.04,5,1,4.29,0,2,1,5,1.56,3.92,4.91,1.6
5,3,6,5,507,5,4,3,6,4,4,4.09,4,4,0,2,3,2,4,2.33,2,1,5,2.19,4.2,1,4.09,1,1,4.94,5,2.04,3.65,2.81,1.91
5,4,6.5,6,508,6,4,1,6.5,0,6.5,4.74,5,5,2,3,0,5,0,4.72,1,1,6,4.76,4.77,1,4.73,0,2,1.23,5,1.24,4.7,4.76,4.65
5,1,5,4.5,509,4,5.5,4,5,1,6,4.78,5,5,0,0,1,5,4,4.76,4,3,5,3,1.52,2,4.56,1,2,1.18,2,2.11,2.99,1.95,1.18
5,4,7,1.5,510,6,6,2,5,5,4.5,4.66,6,1,1,0,4,7,6,4.32,6,4,6,2.21,2.1,0,4.95,1,2,4.21,1,4.47,4.43,4.27,4.3
5,4,4.5,4,511,4,5.5,1,5.5,1,5.5,4.43,4,5,2,0,0,5,1,1.05,5,1,4,1.04,1.28,3,4.44,1,1,1.13,2,1.04,2.55,2.69,1.03
5,4,7,4,512,5,6.5,1,6.5,2,5.5,5,2,2,2,2,0,7,0,1.02,4,5,5,1.1,1,1,5,0,2,1.14,5,1,4.78,4.77,1
4,1,4.5,4,513,5,4,5,5.5,2,6,3.81,6,5,1,3,3,0,4,2.18,5,1,4,4.11,2.06,4,4.4,5,0,1.8,4,1.78,4.2,4.19,2.08
4,2,6,4.5,514,4,3,7,6.5,0,7,3.82,6,5,0,0,0,5,4,4.99,4,0,5,3.98,3.53,0,4.08,1,2,4.78,6,4.57,3.27,3.29,4.94
4,4,6,3,515,4,3.5,7,3,4,3.5,3.77,3,4,0,0,4,3,4,1,6,6,4,4.13,4.23,0,3.61,1,1,1,5,2.99,3.54,2.35,1
5,1,6.5,6,516,5,6,3,7,0,7,4.98,6,5,0,1,0,7,4,4.98,1,0,6,4.96,4.86,0,5,0,2,3.74,1,3.97,4.39,4.27,4.98
6,3,5.5,7,517,6,5,5,6.5,1,5.5,4.81,4,6,1,1,3,5,4,1.3,0,1,6,3.09,3.03,3,4.79,1,1,4.89,4,4.85,4.25,1.06,1.08
5,4,6.5,6.5,518,5,6,3,6.5,1,6,2.53,5,5,0,1,0,7,0,1.75,0,0,5,4,4.16,0,2.61,0,1,1.88,1,2.32,3.9,3.65,1.82
1,1,3,3.5,519,2,2.5,0,5.5,4,3,4.72,2,5,0,1,2,5,5,4.33,6,1,4,2.54,2.4,4,5,0,1,4.24,4,4.27,2.49,2.23,3.97
4,4,7,4,520,6,4,7,7,0,7,5,6,6,0,0,4,7,1,5,6,0,6,5,4.96,0,5,1,2,1,4,1,4.95,5,5
4,1,6,6,521,5,5.5,2,5.5,1,5.5,4.96,4,4,0,0,2,5,5,1,0,1,4,1.12,1,1,4.94,1,2,3.02,1,2.99,4.95,4.97,1
6,3,7,4.5,522,6,7,3,6,0,6.5,5,5,1,0,2,0,5,6,1,0,0,4,1,1,0,5,1,1,1,0,1,5,5,1
5,3,4.5,4.5,523,5,6.5,0,5.5,4,5,5,6,5,0,4,0,7,5,5,4,2,5,1.24,1.14,4,4.95,1,3,5,0,4.97,1.88,1.46,5
2,3,6,4.5,524,5,2.5,3,5,3,5,2.34,5,5,0,1,3,2,1,3.09,4,2,4,3.01,2.37,1,2.36,1,1,1.93,5,1.07,2,2,3.01
6,4,7,7,525,6,7,1,7,0,7,4.95,6,6,3,6,0,5,6,1.04,0,0,6,5,4.93,0,5,1,2,1.03,0,1.03,4.97,4.94,1.04
1,0,3.5,5,526,4,1.5,3,4.5,4,3.5,5,3,6,0,1,2,5,1,5,4,2,3,5,5,5,5,0,1,5,6,5,5,5,1
5,3,4.5,3.5,527,4,5,3,4.5,4,3,4.63,2,2,1,1,0,7,5,1.35,3,2,3,2.81,1.52,3,3.8,0,2,4.6,3,3.43,2.55,1.71,3.39
4,4,6,4,528,5,3,1,7,0,7,4.78,6,5,0,0,1,5,4,1.19,5,0,6,3.7,4.77,1,4.77,1,1,1.14,6,1.16,4.77,4.8,1.18
6,4,7,7,529,6,7,1,7,0,7,4.97,6,6,0,0,0,4,4,1,0,0,6,4.99,4.99,0,5,0,1,1.01,0,1,4.95,5,1
1,2,6,4,530,5,2,1,5,1,5.5,3.99,4,3,0,0,2,3,6,3,3,3,5,3.01,3.01,1,4.43,0,2,2.98,5,3.01,4.07,3.04,3.01
3,4,4,4,531,3,4,5,4.5,3,4,2.52,3,3,1,1,3,4,1,1.19,3,3,4,2.99,2.5,3,2.49,0,1,2.19,3,2.27,4.86,4.86,1.2
4,2,5,3.5,532,5,4.5,2,5,3,4,2.54,3,2,1,1,0,5,6,2.45,3,2,4,2.45,2.49,3,2.7,0,1,3.46,3,3.6,2.59,2.66,2.64
5,0,6.5,6,533,6,5.5,4,5.5,1,6,3.13,5,5,0,3,0,3,5,4.97,1,2,5,4.85,4.88,1,3.1,1,2,4.92,2,4.87,4.8,4.94,4.87
6,1,4,4,534,2,4.5,1,4,2,3,4.93,0,2,0,0,1,5,1,1.06,2,5,5,1.14,1.18,2,4.43,1,2,1.11,5,1.09,4.82,4.78,1.14
5,1,5,2.5,535,4,4.5,2,6.5,1,5.5,4.38,4,3,0,1,3,5,5,4.62,6,0,5,4.88,5,2,4.71,1,1,5,4,5,4.05,2.27,5
5,3,6,3,536,5,3.5,5,5.5,4,5,4.98,6,4,1,1,3,7,1,1.09,6,2,5,1.91,1.42,1,4.89,0,1,1.41,6,1.68,4.9,4.89,1.15
3,4,5,3.5,537,5,3.5,3,3.5,4,4,3.49,4,3,1,0,3,3,1,1.16,4,4,3,3.98,4.24,3,4.36,0,1,1.05,4,1.04,4.23,4.28,1.04
4,0,6,6,538,5,5.5,7,5.5,4,4.5,5,5,5,0,0,3,3,5,4.95,1,1,4,4.96,5,1,5,0,1,5,1,5,1,1,5
2,0,7,6,539,6,2.5,1,7,1,6.5,4.79,6,5,0,1,1,5,4,4.82,1,0,6,4.76,4.8,0,4.8,0,1,4.84,5,4.78,3,3.01,4.8
0,4,7,4,540,6,1.5,4,7,2,6,4.83,6,6,0,2,1,7,1,1.19,6,0,6,3.02,1.14,0,4.77,2,3,1.19,5,1.19,4.89,4.85,1.29
5,0,7,3.5,541,6,5.5,2,3.5,3,4.5,3.37,4,3,0,0,1,5,5,5,4,4,3,1.69,1.74,0,3.28,0,1,5,2,5,2.52,2.71,5
5,1,6.5,5,542,5,4.5,4,6.5,2,6.5,2.36,4,4,1,0,1,2,6,5,4,1,5,4.96,5,1,4.01,0,2,1,4,1,5,5,5
6,1,5.5,5.5,543,6,4,3,4.5,1,5,1,6,6,0,1,0,4,4,1,1,1,1,1,1,1,1,0,1,1,6,1,1,1,1
2,4,3.5,4.5,544,3,3,1,4.5,3,4.5,4.65,4,4,1,3,0,4,1,4.5,3,3,4,1,1.12,4,4.75,0,1,4.81,4,4.84,4.85,3.84,4.46
5,1,4,3.5,545,4,5.5,1,4,2,5,3.78,4,3,0,3,0,5,5,4.97,4,5,5,3.83,3.94,4,2.1,0,1,5,2,5,5,4.97,5
5,4,6.5,7,546,6,5,3,3.5,0,7,4.98,6,6,0,3,0,7,4,1.02,0,5,4,3.17,3.91,1,5,0,2,1.3,3,1.25,4.39,3.79,1
5,3,6,6.5,547,6,3.5,3,5.5,1,5,4.44,3,5,1,2,0,5,6,4.29,0,1,4,4.39,3.51,2,4.37,1,2,2.35,6,1.64,4.74,3.81,3.31
4,1,4.5,4.5,548,5,5,3,4.5,2,5,4.62,4,5,2,2,4,4,4,1.16,4,2,3,1.21,1.19,4,4.7,1,1,1.19,2,1.17,4.75,4.72,1.17
4,1,5,5.5,549,4,1.5,3,6,0,6.5,4.82,4,4,0,0,1,7,4,1.04,4,1,2,4.73,5,2,4.82,1,1,4.84,2,4.65,4.84,4.72,1.15
5,4,7,4.5,550,6,5,3,6.5,1,6.5,4.95,6,6,1,0,5,5,4,5,5,1,6,1.05,1,0,5,0,3,5,3,4.97,5,4.95,4.97
6,2,7,6.5,551,6,4.5,7,7,0,6.5,4.96,5,5,1,1,0,3,4,1.06,0,0,6,4.28,4.98,0,5,1,1,1,5,1.01,2.23,1.05,3.97
3,0,4.5,4,552,5,3.5,1,4,2,5.5,4.57,5,4,0,3,3,3,5,4.11,4,3,3,3.31,3.14,4,4.22,1,1,5,4,5,1.86,1.87,4.73
6,3,3.5,3.5,553,5,4.5,4,3.5,6,4,4.06,6,5,1,0,1,5,6,2.21,6,6,5,2.48,3.83,6,4.55,0,1,3.76,5,3.81,4.46,4.1,3.17
3,4,5,1.5,554,4,5.5,3,5,0,6,4.95,4,1,0,0,3,3,1,1.08,6,2,4,3.65,3.33,2,4.98,1,1,3.93,0,3.72,4.99,4.97,1.06
6,4,6.5,6,555,5,7,1,7,3,5.5,5,6,4,1,5,2,7,1,5,0,0,6,5,5,0,5,1,1,1,0,1,4.99,5,4.98
5,1,6,3.5,556,4,4.5,3,6,1,6.5,4.14,4,5,0,2,0,7,4,2.71,4,1,5,4.39,4.15,2,4.13,1,1,2.49,4,1.66,4.31,4.16,2.31
5,1,4.5,3.5,557,6,6,1,4,0,4.5,4.8,1,1,0,4,3,7,2,4.87,2,5,5,3.06,1.17,5,4.83,1,2,1.09,1,1.04,4.84,4.76,4.78
5,3,7,7,558,6,4,1,5,0,7,4.76,6,6,0,0,3,3,4,1.99,0,1,3,3.91,3.99,0,4.78,0,1,1.19,5,1.19,4.81,4.76,2.02
6,4,6.5,6,559,6,5,3,6.5,1,4,4.8,1,4,2,5,0,5,4,1.17,0,0,5,4.55,4.79,1,4.84,0,1,1.17,4,1.16,4.79,4.79,1.14
0,4,7,7,560,6,1,5,7,0,7,2.99,6,6,1,1,1,3,0,1.04,0,0,6,1.04,1.05,0,3.01,1,2,1.04,6,1.03,4.99,4.97,1.02
0,2,7,6,561,6,2,0,6,4,5,4.96,6,6,0,2,3,4,5,1,2,0,4,5,4.76,0,4.78,0,1,4.03,4,1.23,4.8,5,1.19
5,2,6.5,3.5,562,5,5.5,1,6.5,3,5.5,4.77,6,3,0,0,0,3,4,2.61,4,0,5,3.32,4.74,0,4.79,1,2,2.98,2,2.98,4.8,4.78,1.85
5,3,5.5,3.5,563,5,5.5,2,5.5,2,5.5,4.67,5,3,0,3,0,5,4,1.12,4,1,4,4.89,4.68,2,4.46,1,2,1.15,2,1.54,4.5,4.67,4.47
4,3,7,5.5,564,6,6,0,4.5,4,5,5,6,4,0,4,0,4,5,5,1,1,2,1.1,1.05,0,5,1,3,4.99,0,4.93,1.1,1,5
3,1,4,4,565,4,4.5,1,3.5,2,3.5,4.3,1,3,2,5,3,2,3,4.01,3,5,4,2.18,2.23,4,2.56,0,2,3.45,2,2.73,3.69,3.71,3.85
6,4,7,6.5,566,6,4,3,7,0,7,5,6,6,0,0,5,7,4,4.76,1,0,6,4.84,5,0,4.94,0,4,1.17,6,1.88,1.13,1.5,4.97
4,1,5.5,5.5,567,5,5.5,3,5,1,6,4.61,5,4,0,0,1,4,4,4.02,1,2,4,3.55,3.46,2,4.71,1,2,2.02,1,1.58,3.61,3.73,3.85
5,3,6,6.5,568,5,6.5,1,7,0,7,4.62,6,5,0,1,0,7,4,1.12,0,0,6,4.59,4.59,1,4.7,0,2,4.61,0,4.55,4.75,4.63,1.04
4,3,6,6,569,5,4,1,6,0,6.5,3.89,5,5,0,0,0,4,4,3.51,1,1,5,3.64,3.2,1,4.14,0,2,2.99,4,3,3.62,3.5,4.32
5,3,5.5,6.5,570,5,5.5,3,6.5,0,6.5,4.2,5,5,0,3,0,7,4,4.98,0,0,5,4.94,4.99,2,4.64,0,2,1.01,2,1.04,3.83,3.02,4.96
6,2,7,7,571,6,7,5,7,0,7,3.22,6,6,0,0,0,7,5,2.63,0,0,6,3.38,2.64,0,2.5,0,2,3.45,0,2.53,3.43,2.7,3.34
5,4,5.5,4,572,6,3.5,1,3,3,5,4.8,5,6,0,0,4,7,6,4.82,6,6,4,4,4.8,3,4.76,1,2,4.8,6,3.89,4.79,4.78,4.37
5,4,4,2,573,3,4.5,7,5,1,6,5,5,2,0,0,1,3,4,1,6,3,5,2.99,5,3,5,0,2,2.99,4,3.04,5,5,1
2,3,5,3.5,574,6,2.5,5,6.5,4,4.5,5,5,4,1,0,4,7,4,5,5,1,6,1.36,4.79,4,5,0,1,1,5,2.3,4.98,5,5
5,4,7,4.5,575,6,5.5,2,6.5,6,3.5,4.94,5,6,0,4,3,3,5,4.9,5,1,6,4.86,4.94,0,4.82,1,1,1.12,2,1.32,4.51,4.87,4.95
4,3,4,3.5,576,4,4.5,7,5.5,4,4.5,4.42,5,1,0,0,1,5,1,1,2,1,4,1,1,4,5,0,2,5,3,5,5,5,1
4,0,4,4,577,4,4,2,4.5,3,4.5,3.69,4,4,1,1,0,5,5,4.58,4,2,4,3.78,4.37,2,3.59,1,1,4.31,4,3.84,4.31,4.16,3.88
0,4,4.5,5,578,6,4,5,3,4,4.5,5,5,4,1,7,3,2,4,5,2,3,1,1,1,5,5,0,1,5,0,5,5,5,5
5,3,5.5,4.5,579,5,6,0,5.5,4,4,4.73,4,4,1,0,1,5,6,1.28,3,1,4,3.7,1.13,2,5,0,1,4.29,1,1.96,5,4.83,1.17
2,4,5,5,580,4,3,7,5.5,0,6,2.47,4,4,0,2,4,5,0,1.16,2,2,5,3.48,3.36,2,2.58,1,1,2.54,4,2.73,5,4.96,1.15
5,3,6.5,5,581,6,3.5,3,6.5,4,5,4.96,6,6,0,1,3,3,5,4.97,4,1,6,4.95,4.96,1,4.98,0,1,4.98,6,4.96,4.97,4.95,4.97
2,3,5,6,582,4,3,3,6,2,5.5,4.96,5,5,0,1,1,5,1,3,1,1,5,4.94,4.98,2,4.94,1,2,1.02,4,1.01,4.94,4.96,1.02
5,3,5,4,583,5,5,3,6,3,5,4.52,5,4,0,4,1,2,6,3.38,4,2,6,1.84,1.76,3,4.1,1,1,1.69,3,1.59,2.98,2.98,2.35
6,0,6.5,5.5,584,6,6.5,2,7,4,3,4.34,2,3,0,6,1,7,4,1.62,0,0,6,1.8,2.26,1,4.67,0,1,2.18,1,1.6,4.17,3.68,1.07
5,2,5,4,585,6,5,1,4,4,4,4.84,4,3,0,0,3,2,5,1.13,3,5,5,1.16,4.81,4,4.82,0,1,1.14,3,1.17,4.82,4.85,1.17
1,0,3,5.5,586,4,1.5,5,7,0,6.5,2.7,5,4,1,0,5,0,3,2.29,1,0,6,4.08,3.71,6,2.67,4,2,1,6,1,3.63,4.18,2.31
0,0,5.5,1,587,4,1,3,4.5,3,4.5,5,4,0,0,3,4,4,5,4.98,6,2,3,1.7,2.02,1,4.79,1,1,5,6,5,4.57,4.79,5
3,2,5,2.5,588,5,3.5,2,3,4,4,4.97,4,2,0,0,3,3,4,4.95,5,4,2,5,5,3,5,0,1,1,4,1,1,1.05,5
5,2,5.5,6.5,589,3,6,3,6.5,1,5.5,4.12,4,5,0,0,4,5,6,1.76,0,0,5,3,3.95,0,4,1,1,1.21,1,1.64,4.8,4.8,2.99
2,0,4.5,4,590,5,2.5,3,5,2,6,4.9,6,4,1,0,0,7,4,2.14,4,2,4,1.36,1.29,4,4.89,0,1,3.38,5,3.07,2.67,1.68,1.92
5,0,7,7,591,6,6.5,3,6,6,3.5,5,5,6,4,3,1,2,3,5,0,1,5,1,1,0,5,0,1,5,0,5,5,5,5
5,3,5,5,592,5,5,3,7,0,7,4.97,6,5,0,3,0,5,4,4.75,3,0,6,5,4.95,3,4.92,1,2,4.72,3,4.57,4.55,4.88,4.62
4,3,5,5.5,593,5,5.5,5,4.5,5,3.5,4.71,4,4,0,0,0,7,6,2.55,1,2,3,3.86,4.03,3,4.54,0,1,1.4,1,1.43,2.15,2.25,2.03
4,3,2.5,4.5,594,2,3.5,1,6.5,2,5,4.77,4,4,0,0,4,7,4,1.21,3,0,5,2.06,1.91,5,4.76,1,2,1.68,5,1.72,2.86,2.82,1.16
4,4,6.5,6,595,5,5.5,3,6.5,2,5.5,2.71,5,5,0,0,1,5,0,1.95,1,0,5,4.14,2.28,0,3.47,1,1,2.21,1,2.03,3.94,3.53,1.71
4,4,4.5,5.5,596,5,3.5,3,6.5,1,4.5,4.8,2,5,0,3,1,7,5,1.12,2,1,6,4.79,1.12,4,4.77,1,1,1.14,5,1.18,4.79,4.79,1.06
4,2,5.5,5,597,5,3.5,5,5.5,3,3.5,4.6,2,5,0,2,3,5,4,1.32,3,2,5,4.75,4.69,2,4.66,0,1,1.26,5,1.37,2.7,2.66,1.36
4,4,7,7,598,6,6,6,7,0,7,4.93,6,6,1,6,0,7,1,1,0,0,6,1.04,1,0,4.95,0,1,1.07,0,1.05,4.84,5,1.08
5,4,7,4,599,6,4.5,3,6.5,0,6.5,4.6,5,4,0,2,0,5,0,1.56,4,0,5,4.76,4.43,0,4.91,0,2,1.35,4,1.91,5,5,1.59
2,4,4,6,600,1,2.5,1,6,0,6.5,2.31,5,1,0,0,2,2,0,2.27,2,5,5,1.1,3.85,5,3.77,1,3,3.94,2,2.22,2.37,1.3,3.83
5,3,7,7,601,0,6.5,3,6.5,0,7,2.95,0,0,1,0,1,5,4,3.06,0,6,5,4.63,1.15,6,1,1,1,4.82,6,2.91,1.29,3,4.88
5,3,7,5,602,4,4,1,6.5,0,6.5,4.96,5,0,1,2,1,5,4,1,0,5,5,4.95,4.95,6,4.95,0,1,4.97,6,4.99,1,1.04,4.95
5,3,6,7,603,0,6.5,1,6,0,7,1.89,0,1,1,3,1,5,4,2.14,1,6,5,1.4,1,6,1.04,0,2,4.47,5,5,1.61,1.16,4.24
4,2,6,4,604,5,4.5,1,6,1,6,3.93,3,1,0,0,0,5,5,2.63,1,5,5,4.61,4.75,5,4.61,0,1,4.96,5,4.97,2.79,4.87,4.07
4,2,6,6,605,1,4,1,6,1,6,4.96,4,1,1,0,0,7,6,4.94,1,5,5,4.69,4.81,5,4.93,0,2,4.8,5,4.78,4.89,4.95,4.93
5,4,6,5.5,606,1,6.5,1,5,4,4.5,1.16,0,3,1,3,0,8,3,4.86,1,5,5,1.12,4.77,4,4.77,1,3,4.79,5,1.15,4.77,1.18,4.92
5,3,3.5,2.5,607,5,4,6,4,4,3,1.34,5,5,1,6,1,7,0,1.07,5,2,5,4.24,2.23,2,4.3,0,1,4.44,4,1.68,1.52,1.76,4.95
4,2,5,1.5,608,6,4,3,4,6,3.5,1.18,4,4,0,0,0,7,4,4.69,3,5,4,4.83,4.8,1,4.81,0,1,4.78,5,4.78,4.76,4.83,4.73
6,2,5.5,5.5,609,3,6,1,6,4,4.5,4.79,2,2,1,3,1,5,1,4.69,2,5,6,1.18,2.98,6,2.81,0,1,4.76,5,4.83,4.46,1.16,4.89
5,2,5.5,4,610,2,5.5,5,5.5,4,4,3.93,2,3,1,1,0,7,4,4.34,3,4,6,3.88,2.53,2,2.5,1,1,4.39,6,3.91,4.2,3.68,4.34
4,0,6,5.5,611,1,5,7,6,0,6.5,4.53,2,0,4,3,0,0,4,3.09,1,5,4,3.55,3,4,3.23,0,2,4.09,5,4.68,3.03,3.36,3.81
1,0,6.5,2,612,4,2.5,2,7,4,2.5,2.83,4,0,1,4,0,5,5,4.99,0,1,6,1.34,4.78,0,4.89,1,1,4.44,5,2.88,4.99,1.16,4.72
1,3,6.5,6,613,1,3.5,5,5.5,4,4,4.66,2,1,1,3,0,5,4,1.3,0,4,4,1,3.04,5,4.61,0,1,4.69,5,3.6,3,1.18,4.75
5,3,6,4,614,4,5,3,3.5,4,4,3.55,3,4,1,0,0,5,4,1.99,2,4,3,4.16,3.21,4,2.72,1,2,4.48,6,3.64,4.33,3.22,4.86
2,4,4,4.5,615,4,2,1,3,1,6,4.19,6,4,0,0,3,4,6,1.44,5,5,2,3.87,4.05,5,4.02,0,1,3.72,5,4.01,1.45,3.4,4.56
4,2,5.5,6,616,2,4,5,4,5,4,3.01,4,3,0,0,3,3,4,2.41,3,5,3,2.52,3.67,6,3.86,0,1,3.31,6,3.61,2.35,4.06,3.91
3,2,4.5,3,617,5,3.5,5,3,5,2.5,3.1,4,5,0,0,1,2,4,2.56,4,2,3,3.51,2.66,3,3.5,0,1,3.46,5,3.55,2.52,3.7,3.88
5,4,6,4,618,5,4,3,5.5,0,7,4.04,5,2,0,1,2,4,6,2.06,0,6,5,5,1.02,5,4.98,0,2,4.95,4,4.06,2.04,4.97,4.95
6,3,6.5,4.5,619,4,4.5,3,6,0,6.5,4.99,5,1,0,0,0,4,6,1.04,1,5,5,4.95,1.05,5,1,0,2,5,6,5,1.02,4.97,5
4,3,7,6,620,1,4.5,7,7,5,3.5,1.92,3,0,3,0,4,7,4,5,0,4,6,4.68,2.91,5,2.88,0,2,2.35,6,1.67,4.71,3.14,2.28
3,1,6,3.5,621,4,3,3,7,4,4,4.49,5,0,2,3,1,5,6,5,1,4,6,4.03,4.14,3,4.61,0,1,3.84,5,4.15,1.43,4.94,1.98
6,3,5.5,6.5,622,0,4.5,7,6.5,3,5.5,4,5,0,0,0,3,4,1,4.07,3,6,5,2.01,5,5,4.97,1,1,5,6,4.01,3.99,2,5
4,1,3.5,3,623,4,4,5,3.5,5,3,2.58,4,4,0,0,0,5,4,3.57,3,3,3,3.25,1.44,2,2.38,0,1,3.58,2,2.22,4.45,3.6,3.1
3,0,4.5,5,624,2,3.5,2,7,2,5.5,5,4,0,0,0,5,5,5,5,3,5,6,5,5,4,5,0,3,5,4,5,5,5,5
5,3,5,6.5,625,1,4.5,1,4,4,5,3.39,4,2,0,0,1,2,6,2.57,3,6,2,3.63,4.11,6,3.88,0,1,3.65,5,3.03,2.11,3.72,3.98
5,4,4.5,4,626,5,4,3,5,5,3.5,3.33,5,3,0,0,1,5,4,2.44,4,4,5,2.39,2.34,5,2.58,1,2,3.59,5,3.67,2.45,3.2,3.35
4,2,5,4,627,4,4,1,4,3,3.5,3.49,4,5,0,0,0,7,4,3.98,2,2,5,2.44,2.24,4,2.78,0,2,3.19,4,4.65,3.93,2.34,3.21
5,0,5,6.5,628,0,4.5,6,3.5,6,4,3.77,4,2,0,1,1,2,4,2.04,3,6,1,3.94,3.74,5,3.87,0,3,3.74,5,4.66,1.68,3.81,4.24
5,3,7,6.5,629,1,3.5,1,7,0,7,1,6,0,0,3,1,5,4,1,0,6,6,5,1.01,6,1,0,1,4.97,6,4.97,1.04,5,5
3,2,3.5,5,630,2,4.5,5,4.5,4,4.5,3.41,2,4,0,1,3,3,4,3.24,4,5,5,2.74,3.29,4,2.86,0,1,3.59,3,3.35,3.35,3.34,3.52
6,0,6,4,631,3,7,1,3,4,4.5,4.1,0,4,1,3,0,5,5,4.67,1,5,2,4.8,5,3,4.31,1,2,4.99,5,1.02,5,2.3,4.39
5,2,7,6,632,1,6.5,1,6.5,0,6.5,4.48,0,0,1,3,1,5,4,1.34,0,5,5,1,4.09,5,4.15,0,2,4.29,6,4.94,1.58,1.18,4.87
4,0,6.5,6,633,1,5.5,3,5,5,3.5,3,1,4,0,1,0,3,0,4.99,0,4,6,1.64,4.88,5,5,0,2,3.91,5,2.99,1.04,1.14,3.76
4,0,3.5,4.5,634,4,4,5,4.5,5,3.5,5,4,4,0,0,3,3,5,3.79,5,4,5,4.08,5,5,5,0,1,3.41,4,5,3.74,3.38,3.75
4,2,5,5,635,2,4,7,4.5,5,3.5,1.16,4,3,0,0,2,3,5,5,2,4,4,4.87,3.01,4,3.02,0,1,5,4,1.28,5,1.08,5
4,1,4.5,1.5,636,6,3.5,1,6,2,5,2.48,5,1,0,1,3,5,5,4.94,3,4,5,5,5,1,4.94,1,1,4.63,4,3.43,5,5,4.74
4,2,6.5,3.5,637,5,3,0,6,5,4,1,6,1,0,1,3,2,5,4.98,1,5,5,3.14,5,4,5,1,1,3.88,6,1,5,2.03,2.28
1,3,2,3.5,638,5,2,5,6.5,5,4,4.99,5,1,1,4,2,5,0,4.97,5,5,6,5,1,4,1,1,3,4.32,1,4.95,4.96,4.96,4.47
4,4,5.5,5.5,639,0,4,5,6,1,6,5,4,0,0,1,3,3,4,1,3,5,4,5,1,3,1,1,1,3.56,6,5,1,5,3.82
2,2,6,4,640,4,3.5,3,4,5,3.5,1.5,3,4,0,2,3,8,4,4.82,1,4,4,4.44,4.46,4,4.69,0,2,4.85,5,1.98,4.84,4.3,4.64
6,2,6.5,7,641,0,7,0,7,0,7,5,0,0,0,0,4,4,1,5,0,6,6,5,5,6,5,1,2,5,5,5,5,1.03,5
5,2,6,5.5,642,2,6,3,7,1,6.5,4.98,1,0,1,5,0,2,1,4.95,2,6,6,4.96,1.04,5,1.02,1,2,4.55,6,4.96,4.92,4.94,4.83
5,0,6,4,643,4,4.5,2,4.5,2,5.5,3.43,4,4,0,0,1,5,5,5,2,5,5,4.03,5,4,5,1,1,5,6,4.01,5,4,3.99
4,4,5,4.5,644,4,3,7,5.5,0,5,1.89,6,1,0,0,4,3,4,2.64,2,2,4,1.5,4.95,5,5,1,2,2.67,4,3.31,3,1.31,2.67
0,3,5.5,1,645,6,1,3,1,4,4.5,1.18,6,6,0,0,2,2,5,3.33,1,5,0,4.93,3.04,0,2.93,1,1,3.03,4,1.9,2.97,5,2.99
3,3,7,7,646,0,4,7,7,0,5.5,3,3,0,1,0,2,5,4,1.11,0,3,6,2.93,1.02,6,1.13,0,1,3.9,6,4.95,1,1.25,3.96
4,2,3,7,647,0,6,3,4.5,0,7,2.17,0,4,1,1,2,3,5,4.88,6,6,5,4.83,4.79,6,4.9,1,1,4.8,4,1.87,4.81,4.69,4.93
4,0,5,5,648,2,5,2,3,4,4,2.77,2,5,1,0,3,3,5,4.69,3,4,3,1.9,4.94,4,4.79,1,1,4.85,5,2.9,4.82,1.12,4.7
4,3,6.5,6.5,649,1,3.5,3,7,1,6,5,5,0,1,2,0,5,4,5,0,5,6,5,1,6,1,0,2,5,5,5,5,5,5
1,2,6,6.5,650,1,1.5,3,6.5,0,7,4.83,6,1,0,5,2,5,1,1.14,1,6,6,5,3.02,6,4.84,1,2,4.89,5,4.86,1.17,4.84,4.8
5,3,6,6,651,1,4.5,2,6.5,1,6,4.92,4,1,0,2,1,5,6,4.75,1,5,6,4.81,4.79,5,4.62,1,2,4.77,5,4.76,4.84,4.79,4.78
1,0,4,2,652,5,2,3,4,4,2.5,3.93,5,3,0,1,0,5,5,4.07,1,1,3,1,5,1,5,0,2,5,1,2.99,3.98,1,5
0,0,6,3.5,653,4,1,2,7,4,2,5,6,0,0,0,1,2,5,5,0,0,6,5,5,3,5,1,1,5,4,5,5,5,5
4,1,6,3,654,4,3,2,3,0,7,4.81,6,4,0,0,1,7,5,5,1,6,2,1,4.98,2,5,0,2,5,5,3.78,5,1,5
5,3,6,6,655,1,4.5,3,5,1,5.5,4.91,4,0,0,3,1,4,4,3.27,1,4,2,4.46,3.26,5,3.29,0,1,3.32,5,4.85,3.01,3.64,3.26
5,4,5.5,4,656,4,4.5,1,5.5,0,7,1.02,4,2,0,0,1,7,1,3.01,2,6,5,1,5,4,5,1,1,5,5,1,3,1,5
2,2,6,2,657,5,2,0,2.5,3,4.5,1.31,6,4,0,0,2,3,4,4.75,0,4,1,1,5,1,5,2,1,4.11,4,1.85,4.38,1,4.76
2,0,3.5,4,658,4,2.5,1,5.5,4,4,2.11,5,1,0,0,0,7,5,5,3,4,4,1.12,5,4,5,0,1,4.94,2,3.69,5,1,5
5,4,5.5,3,659,4,5.5,3,5,3,3.5,4.59,2,3,0,5,1,5,5,1.4,2,2,5,4.14,1.24,2,1.21,1,1,4.93,5,4.92,1.13,4.65,4.84
5,4,5.5,4,660,1,5.5,3,5,4,4.5,1,2,2,0,0,0,7,4,2.22,2,5,4,4.97,1.06,1,1.04,0,2,3.68,5,2.99,3.15,4.96,4.15
4,3,6,6.5,661,1,3.5,3,6,5,4,1,5,1,0,0,0,3,0,1.02,1,5,5,4.99,4.92,6,5,0,2,4.98,5,1.11,1,1,5
4,3,5.5,5.5,662,2,5,5,6,4,3.5,5,2,2,2,7,0,7,1,5,2,3,6,5,5,5,5,0,2,3.5,5,5,5,5,3.73
4,0,7,6,663,1,3.5,3,6,4,4.5,2.99,5,1,0,0,2,2,5,5,0,5,5,1.04,4.95,5,5,1,1,5,6,3,5,1.04,5
2,3,5,4,664,5,2.5,0,4.5,4,3,2.98,5,1,0,0,5,0,3,4.96,2,2,2,4.99,4.95,5,4.92,1,1,4.88,4,3.01,4.96,4.95,4.8
6,3,5,4.5,665,4,6.5,5,7,2,6,5,1,0,0,3,0,7,4,1.89,3,6,6,1.9,5,5,4.97,1,2,5,5,5,2.04,2.55,4.7
1,0,7,4,666,4,2.5,4,5,5,4.5,1,4,4,5,0,4,0,0,5,0,6,6,3,5,4,5,3,2,5,6,1,5,3.02,5
6,4,6,4,667,4,6.5,1,6.5,1,6,5,1,1,0,1,0,7,4,1,1,5,6,1,1,4,1,0,2,5,5,5,1,1,5
4,3,4,4.5,668,3,4.5,7,5.5,0,7,4.37,3,1,1,0,1,5,4,1.58,1,6,4,5,1,4,1,0,1,4.2,1,1.76,1.77,5,4.24
6,4,7,7,669,0,4.5,3,7,0,6.5,4.77,5,0,1,0,1,7,0,1.18,0,5,6,3.03,1.18,6,1.19,1,1,4.74,6,4.78,4.78,4.38,4.07
5,3,5,4,670,4,4.5,1,5,3,4.5,3.55,4,2,1,1,0,7,1,3.21,2,4,4,2.24,3.57,4,3.42,1,1,3.48,4,3.39,3.56,2.07,3.41
4,4,5,4.5,671,4,4.5,0,5,2,5.5,1.49,3,1,0,0,3,5,6,1,3,5,3,1.28,1.06,5,1,0,1,4.44,5,3.59,1,1.32,4.41
4,0,6,4.5,672,3,3.5,1,5,4,3,2.43,5,3,0,6,3,3,5,4.84,1,2,5,3.29,5,4,5,1,1,3.32,5,2.67,5,3.22,4.01
6,0,7,7,673,0,7,7,4,0,7,1,0,0,0,1,2,5,5,5,0,6,0,5,5,6,5,0,1,5,6,1,5,5,5
5,3,4.5,5,674,3,6,5,6,1,6,4.76,1,1,0,0,0,5,4,1.73,4,5,5,1.95,1.16,5,1.21,0,1,3.6,5,4.84,1.48,2.47,3.72
5,0,6,4.5,675,4,4,1,6,1,6.5,3.65,5,1,0,0,0,7,4,2.66,1,6,5,1.81,1.57,5,1.37,1,2,4.53,5,4.37,1.38,2.24,4.44
4,0,4,3.5,676,3,4,1,1.5,4,2,3.63,4,5,0,1,0,3,5,5,5,0,0,1.89,5,2,5,1,1,5,5,3.48,5,2.57,5
5,3,6,6,677,1,5.5,1,6.5,1,6,4.56,2,0,1,1,5,5,1,2.21,1,5,5,4.38,1.51,5,1.59,0,3,4.63,5,5,1.72,4.33,4.62
6,4,4.5,4,678,4,6.5,7,4.5,2,5,4.17,1,3,0,5,1,3,0,1.04,2,4,4,1.03,1.07,4,1.02,1,2,4.98,3,4.22,1.01,1.02,4.97
4,3,4.5,3.5,679,4,5,1,5,3,4.5,2.45,2,3,2,0,3,3,4,2.4,5,4,5,3.96,3.68,3,3.55,0,1,2.7,6,3.34,3.55,3.74,3.97
6,0,6.5,2.5,680,5,7,7,4,2,5,5,0,4,4,2,1,1,4,5,1,4,4,5,5,2,5,5,0,1.93,6,5,5,1,1
4,3,6,4,681,4,4,3,4,4,4.5,1.05,4,2,0,3,1,7,5,1.07,1,5,2,3.59,3.62,4,4.81,0,1,3.95,5,2.29,4.16,5,1.38
4,2,6,5,682,2,6,3,5,1,6,5,0,3,1,1,0,5,4,3.01,2,5,5,5,3.83,4,3.9,0,2,5,6,5,2.99,5,5
6,4,6,6,683,2,6,2,6,5,3.5,4.16,2,0,0,0,3,5,4,1,1,4,4,3.6,1,6,1,0,1,4.95,5,4.89,1,4.62,5
5,3,6,4,684,4,4.5,3,5,5,4.5,3,4,3,0,0,4,5,5,1.96,1,6,5,4.79,1.17,4,1,0,2,4.79,5,3,1.92,4.75,4.79
4,2,5.5,4.5,685,3,4.5,3,4.5,2,5,4.08,3,3,0,0,3,3,5,1.47,2,4,4,1.56,4.32,4,4.3,0,1,4.1,5,4.3,1.46,1.5,4.16
1,4,4.5,4.5,686,4,2,1,6,2,5,4.07,5,1,0,4,4,5,1,3.52,5,4,5,2.16,1.68,5,1.82,0,3,4.33,6,4.2,1.85,4.32,4.45
5,4,7,6.5,687,0,5,3,6.5,0,7,4.63,3,0,0,0,1,7,0,1.01,0,6,5,4.94,1.02,5,1.05,0,2,4.45,6,4.97,1.04,4.93,4.97
1,3,6.5,6,688,2,2,1,5.5,1,6,3.89,5,2,3,0,3,5,5,1,1,5,5,4.64,1,6,1,0,1,5,6,3.24,1.15,5,5
5,3,6,6,689,2,4.5,2,6.5,1,6.5,3.73,4,1,1,0,1,5,6,2.19,1,6,6,3.52,2.36,6,1.84,0,2,4.76,5,4.14,2.61,1.88,4.76
4,1,5.5,6,690,1,3.5,5,4.5,2,5,5,5,0,0,0,0,4,4,1,2,4,1,1,5,5,5,0,1,3.54,5,5,1,1,3.67
6,4,7,7,691,0,7,1,7,0,7,3.44,0,0,0,0,0,5,4,3.38,0,6,6,4,3.33,6,2.67,0,3,3.79,6,3.35,2.59,3.74,3.36
5,4,5,5,692,3,5,1,5,4,4,3.57,3,2,4,3,5,2,2,2.68,3,4,4,3.72,2.59,5,2.67,1,1,2.34,5,3.53,2.77,3.64,3.37
6,1,4.5,1,693,6,7,3,4,6,1.5,1.03,0,0,1,2,1,5,4,1,5,1,0,1.05,4.88,0,4.94,1,1,4.98,6,1.05,1.1,5,4.94
4,2,6,6,694,0,4,1,4.5,1,6,1.86,4,0,1,1,3,3,1,1.53,0,5,1,4.59,3.85,4,1.53,0,1,4.97,4,1.87,1.97,4.65,5
5,4,5.5,3,695,6,6,3,5,4,4,1.13,1,1,1,0,2,5,4,1.1,2,4,3,1.95,1.1,4,1.14,1,1,3.84,5,4.89,1.15,4.31,4.23
